date,steps,distance,runDistance,calories
2026-07-20,5378,3539,2954,397
2026-07-21,4509,3025,2530,456
2026-07-22,9131,6343,4969,1123
2026-07-23,8137,5853,4506,256
2026-07-24,3750,2531,2015,141
2026-07-25,11226,7748,6014,1310
2026-07-26,10247,7564,5664,302
2026-07-27,5250,3471,2934,525
2026-07-28,4134,2799,2252,172
2026-07-29,17437,12984,9983,2103
2026-07-30,7373,5323,4242,445
2026-07-31,10736,7451,5841,1051
2026-08-01,6141,4108,3254,219
2026-08-02,12759,9820,7812,558
2026-08-03,4789,3206,2626,174
2026-08-04,434,283,231,40
2026-08-05,5798,4268,3190,178
2026-08-06,5018,3337,2758,283
2026-08-07,9180,6379,4984,751
2026-08-08,16043,11807,9056,1582
2026-08-09,7391,5141,4143,1774
2026-08-10,6160,4073,3340,332
2026-08-11,4882,3320,2728,342
2026-08-12,12676,9624,7692,1288
2026-08-13,4764,3165,2596,364
2026-08-14,10768,7378,5799,1382
2026-08-15,1072,700,542,59
2026-08-16,5390,3835,2984,188
2026-08-17,5971,3958,3270,743
2026-08-18,9449,6690,5200,321
2026-08-19,11936,9057,6914,1396
2026-08-20,9978,6925,5369,1080
2026-08-21,8107,5753,4433,918
2026-08-22,7642,5172,4360,590
2026-08-23,15145,11782,8995,777
2026-08-24,4452,2986,2421,309
2026-08-25,13913,11692,8863,1070
2026-08-26,6180,4384,3326,754
2026-08-27,7893,6049,5013,734
2026-08-28,591,384,296,46
2026-08-29,346,224,195,30
2026-08-30,11086,8378,6422,1157
2026-08-31,4653,3149,2500,187
2026-09-01,3377,2255,1882,156
2026-09-02,7257,5118,3928,726
2026-09-03,8822,6887,5458,767
2026-09-04,2191,1423,1222,246
2026-09-05,8265,5623,4481,1202
2026-09-06,12593,10152,7666,743
2026-09-07,3474,2304,1892,155
2026-09-08,14194,11927,9137,1226
2026-09-09,6205,4116,3460,330
2026-09-10,11016,8485,6662,1391
2026-09-11,2881,1916,1608,125
2026-09-12,13159,8993,7224,1289
2026-09-13,15382,11550,8832,1339
2026-09-14,2586,1705,1487,135
2026-09-15,4870,3219,2665,231
2026-09-16,6513,4417,3560,220
2026-09-17,7942,5490,4485,370
2026-09-18,7399,5843,4391,655
2026-09-19,4720,3195,2592,165
2026-09-20,6521,4445,3604,730
2026-09-21,7573,5904,4742,600
2026-09-22,3034,2050,1645,131
2026-09-23,8123,5865,4521,409
2026-09-24,13051,9815,7584,1133
2026-09-25,7238,5067,4059,420
2026-09-26,3269,2160,1844,141
2026-09-27,24771,20371,15401,1607
2026-09-28,8631,5982,4907,1115
