type,startTime,sportTime(s),maxPace(/meter),minPace(/meter),distance(m),avgPace(/meter),calories(kcal)
85,2026-09-28 13:57:27+0000,6437,0.0,0.0,0.0,0.0,887.0
1,2026-09-27 02:26:21+0000,6954,4.629629611968994,0.3059975504875183,15049.0,0.4616918067645691,1315.033935546875
52,2026-09-25 05:10:15+0000,2984,0.0,0.0,0.0,0.0,178.0
191,2026-09-24 14:33:15+0000,3505,0.0,0.0,0.0,0.0,647.0
1,2026-09-24 01:05:50+0000,1178,1.165501236915588,0.2115506529808044,3804.0,0.3091482649842272,254.1349182128906
52,2026-09-23 12:53:30+0000,3493,0.0,0.0,0.0,0.0,157.0
52,2026-09-21 16:03:04+0000,2818,0.0,0.0,0.0,0.0,136.0
1,2026-09-21 02:49:14+0000,1284,4.149377822875977,0.1457938402891159,4196.0,0.3055290753098189,261.1034240722656
85,2026-09-20 13:56:27+0000,5292,0.0,0.0,0.0,0.0,597.0
49,2026-09-18 14:04:53+0000,2380,0.0,0.0,0.0,0.0,392.0
52,2026-09-18 13:12:38+0000,2095,0.0,0.0,0.0,0.0,97.0
52,2026-09-17 12:47:34+0000,2013,0.0,0.0,0.0,0.0,95.0
49,2026-09-13 02:52:19+0000,6394,0.0,0.0,0.0,0.0,1081.0
52,2026-09-12 13:26:34+0000,2977,0.0,0.0,0.0,0.0,169.0
85,2026-09-12 03:47:00+0000,5705,0.0,0.0,0.0,0.0,799.0
191,2026-09-10 13:39:43+0000,3530,0.0,0.0,0.0,0.0,597.0
227,2026-09-10 10:43:00+0000,3077,0.0,0.0,0.0,0.0,293.0
49,2026-09-10 09:58:21+0000,2248,0.0,0.0,0.0,0.0,342.0
52,2026-09-09 15:37:06+0000,2553,0.0,0.0,0.0,0.0,91.0
52,2026-09-08 13:54:40+0000,4039,0.0,0.0,0.0,0.0,236.0
1,2026-09-08 01:03:24+0000,3207,1.46842885017395,0.2048760503530502,10152.0,0.3156028368794326,729.6233520507812
1,2026-09-06 01:39:28+0000,2491,2.71002721786499,0.2680965065956116,6471.0,0.3844846237057642,458.3741149902344
191,2026-09-05 14:35:33+0000,3808,0.0,0.0,0.0,0.0,684.0
227,2026-09-05 05:00:31+0000,3953,0.0,0.0,0.0,0.0,367.0
52,2026-09-04 11:20:57+0000,4157,0.0,0.0,0.0,0.0,171.0
49,2026-09-03 16:18:30+0000,2751,0.0,0.0,0.0,0.0,449.0
52,2026-09-03 15:22:40+0000,3038,0.0,0.0,0.0,0.0,146.0
191,2026-09-02 13:38:21+0000,3262,0.0,0.0,0.0,0.0,588.0
191,2026-08-30 13:40:53+0000,3046,0.0,0.0,0.0,0.0,589.0
52,2026-08-30 04:36:10+0000,3431,0.0,0.0,0.0,0.0,233.0
1,2026-08-30 02:09:05+0000,1197,3.355704545974731,0.1961938291788101,3135.0,0.3808612440191387,140.6399536132812
49,2026-08-27 15:16:47+0000,2496,0.0,0.0,0.0,0.0,393.0
52,2026-08-27 14:06:53+0000,4144,0.0,0.0,0.0,0.0,200.0
191,2026-08-26 13:37:49+0000,3299,0.0,0.0,0.0,0.0,677.0
52,2026-08-25 15:57:35+0000,3025,0.0,0.0,0.0,0.0,113.0
1,2026-08-25 00:53:26+0000,3926,3.676470279693604,0.2374169081449509,10256.0,0.3825078003120125,798.318115234375
52,2026-08-24 15:30:36+0000,2664,0.0,0.0,0.0,0.0,140.0
8,2026-08-23 08:04:43+0000,1604,3.194888353347778,0.3460207581520081,2833.0,0.5654782915637134,288.7330017089844
1,2026-08-23 07:22:12+0000,697,1.338688135147095,0.263019472360611,1899.0,0.3654555028962612,126.5424728393555
85,2026-08-22 09:05:21+0000,1766,0.0,0.0,0.0,0.0,290.0
191,2026-08-21 12:40:47+0000,4654,0.0,0.0,0.0,0.0,787.0
191,2026-08-20 13:44:27+0000,6184,0.0,0.0,0.0,0.0,942.0
191,2026-08-19 13:37:44+0000,3253,0.0,0.0,0.0,0.0,637.0
8,2026-08-19 12:21:20+0000,1916,0.940733790397644,0.06834802776575089,152.0,12.60526315789474,9.021344184875488
52,2026-08-17 14:45:43+0000,3047,0.0,0.0,0.0,0.0,254.0
227,2026-08-17 11:39:44+0000,3107,0.0,0.0,0.0,0.0,329.0
49,2026-08-14 11:36:02+0000,4273,0.0,0.0,0.0,0.0,726.0
52,2026-08-14 07:46:25+0000,4567,0.0,0.0,0.0,0.0,453.0
52,2026-08-13 14:14:40+0000,3744,0.0,0.0,0.0,0.0,219.0
49,2026-08-12 13:42:26+0000,2993,0.0,0.0,0.0,0.0,623.0
8,2026-08-12 12:19:52+0000,3084,6.5789475440979,0.2899391353130341,3592.0,0.8685968819599109,335.2148132324219
52,2026-08-11 14:18:58+0000,2851,0.0,0.0,0.0,0.0,163.0
52,2026-08-10 11:54:14+0000,2548,0.0,0.0,0.0,0.0,102.0
85,2026-08-09 16:01:35+0000,594,0.0,0.0,0.0,0.0,109.0
85,2026-08-09 13:37:12+0000,762,0.0,0.0,0.0,0.0,103.0
9,2026-08-09 03:43:40+0000,4550,0.7524454593658447,0.1409641951322556,21060.0,0.2158594491927825,533.6817016601562
49,2026-08-08 12:52:20+0000,6201,0.0,0.0,0.0,0.0,946.0
1,2026-08-08 01:27:13+0000,2993,6.711409091949463,0.2032933533191681,4664.0,0.6410806174957119,368.6029968261719
49,2026-08-07 13:41:23+0000,3047,0.0,0.0,0.0,0.0,547.0
52,2026-08-06 14:27:58+0000,2448,0.0,0.0,0.0,0.0,116.0
49,2026-07-31 13:36:47+0000,3310,0.0,0.0,0.0,0.0,606.0
52,2026-07-31 12:07:24+0000,4069,0.0,0.0,0.0,0.0,202.0
8,2026-07-30 14:37:56+0000,1596,4.0,0.598802387714386,2005.0,0.7950124688279302,187.3037109375
52,2026-07-30 14:18:52+0000,1107,0.0,0.0,0.0,0.0,72.0
49,2026-07-29 13:39:37+0000,6820,0.0,0.0,0.0,0.0,1319.0
52,2026-07-29 10:13:47+0000,3399,0.0,0.0,0.0,0.0,214.0
1,2026-07-29 00:39:52+0000,1257,0.920810341835022,0.2434274703264236,4018.0,0.3120955699352912,274.6647033691406
52,2026-07-27 13:27:55+0000,3354,0.0,0.0,0.0,0.0,339.0
49,2026-07-25 13:53:19+0000,2869,0.0,0.0,0.0,0.0,555.0
49,2026-07-25 12:41:53+0000,3073,0.0,0.0,0.0,0.0,601.0
49,2026-07-22 13:31:58+0000,3776,0.0,0.0,0.0,0.0,716.0
52,2026-07-22 12:23:59+0000,3211,0.0,0.0,0.0,0.0,238.0
52,2026-07-21 13:50:30+0000,3849,0.0,0.0,0.0,0.0,295.0
