date,start,stop,distance,calories,steps
2026-07-20,18:04,18:08,55,2,85
2026-07-20,13:30,13:51,103,12,159
2026-07-20,13:19,13:29,180,9,278
2026-07-20,12:27,12:33,211,7,326
2026-07-20,11:56,12:06,213,8,319
2026-07-20,10:01,10:05,156,6,240
2026-07-20,09:22,09:40,269,13,410
2026-07-20,07:52,07:56,228,8,321
2026-07-20,07:34,07:38,100,4,155
2026-07-20,07:19,07:33,94,8,145
2026-07-20,05:13,05:16,58,3,90
2026-07-20,04:45,04:49,76,24,117
2026-07-20,04:19,04:34,311,92,479
2026-07-20,03:40,03:45,75,4,116
2026-07-20,00:00,00:13,214,11,316
2026-07-21,20:32,20:41,267,10,388
2026-07-21,19:43,20:24,285,194,439
2026-07-21,19:38,19:42,40,28,62
2026-07-21,19:23,19:27,63,18,97
2026-07-21,19:12,19:16,132,5,182
2026-07-21,19:00,19:06,117,5,181
2026-07-21,17:35,17:47,46,4,72
2026-07-21,12:30,12:47,116,9,179
2026-07-21,12:09,12:28,396,19,578
2026-07-21,10:06,10:10,310,9,436
2026-07-21,09:31,09:36,210,7,322
2026-07-21,08:02,08:15,194,11,299
2026-07-21,07:35,07:47,88,8,136
2026-07-22,20:07,20:20,375,14,520
2026-07-22,19:11,20:04,2908,668,4082
2026-07-22,18:47,19:10,540,67,781
2026-07-22,18:06,18:12,108,35,167
2026-07-22,17:40,18:05,224,50,345
2026-07-22,10:56,11:00,193,8,281
2026-07-22,10:26,10:30,189,5,276
2026-07-22,09:57,10:14,237,10,346
2026-07-22,09:24,09:39,371,14,536
2026-07-22,08:21,08:25,143,6,220
2026-07-23,23:07,23:21,82,9,127
2026-07-23,18:51,18:56,471,16,622
2026-07-23,18:46,18:50,253,8,365
2026-07-23,18:26,18:45,1571,53,2056
2026-07-23,18:04,18:25,1471,48,1950
2026-07-23,13:12,13:21,224,7,338
2026-07-23,12:13,12:34,145,11,224
2026-07-23,09:51,10:09,252,10,389
2026-07-23,09:24,09:42,265,11,386
2026-07-23,07:22,07:47,518,20,764
2026-07-23,06:54,06:58,79,4,123
2026-07-24,20:40,20:44,103,4,159
2026-07-24,12:11,12:30,316,17,471
2026-07-24,12:00,12:09,223,8,343
2026-07-24,10:59,11:03,143,4,220
2026-07-24,09:27,09:32,130,3,200
2026-07-24,07:23,07:34,495,18,681
2026-07-24,06:51,06:55,120,4,185
2026-07-24,06:26,06:37,100,5,154
2026-07-25,19:26,20:10,2249,541,3294
2026-07-25,19:03,19:07,114,7,176
2026-07-25,18:18,19:02,2674,571,3684
2026-07-25,18:10,18:17,243,29,375
2026-07-25,14:39,14:54,273,13,421
2026-07-25,12:02,12:08,219,7,329
2026-07-25,10:33,10:37,111,4,171
2026-07-25,09:54,10:10,183,11,282
2026-07-26,21:24,21:40,1323,47,1726
2026-07-26,21:05,21:11,319,13,456
2026-07-26,20:31,21:04,2476,86,3306
2026-07-26,20:25,20:30,370,13,506
2026-07-26,20:21,20:24,264,10,376
2026-07-26,20:16,20:20,284,11,401
2026-07-26,19:57,20:15,1467,51,1920
2026-07-26,19:49,19:56,393,12,549
2026-07-26,13:30,13:34,76,4,118
2026-07-27,23:21,23:25,93,3,144
2026-07-27,20:20,20:29,55,3,86
2026-07-27,19:35,20:10,291,119,448
2026-07-27,19:14,19:34,200,117,309
2026-07-27,18:38,18:42,99,4,153
2026-07-27,12:59,13:07,117,6,180
2026-07-27,12:26,12:39,453,17,662
2026-07-27,12:00,12:21,156,7,241
2026-07-27,10:07,10:13,221,8,341
2026-07-27,09:31,09:36,195,6,301
2026-07-27,07:11,07:34,174,14,269
2026-07-27,07:06,07:10,96,4,148
2026-07-28,23:45,23:49,185,5,286
2026-07-28,20:22,20:27,133,4,206
2026-07-28,20:02,20:18,375,15,529
2026-07-28,13:56,14:13,131,12,202
2026-07-28,13:26,13:32,136,10,193
2026-07-28,12:02,12:24,287,15,413
2026-07-28,10:13,10:19,200,6,303
2026-07-28,09:27,09:44,258,10,376
2026-07-28,08:17,08:21,63,2,97
2026-07-28,00:13,00:20,91,6,141
2026-07-29,23:20,23:24,120,4,186
2026-07-29,22:04,22:10,93,4,144
2026-07-29,19:12,21:01,6256,1299,8771
2026-07-29,18:57,19:11,252,17,388
2026-07-29,17:18,17:29,172,8,265
2026-07-29,16:04,16:49,276,136,425
2026-07-29,15:37,15:45,115,16,177
2026-07-29,15:20,15:34,207,9,319
2026-07-29,12:01,12:12,309,11,447
2026-07-29,10:11,10:33,195,15,300
2026-07-29,10:06,10:10,181,5,274
2026-07-29,09:26,09:48,219,8,333
2026-07-29,07:03,07:41,373,27,540
2026-07-29,06:10,06:29,3191,265,3323
2026-07-29,05:57,06:09,68,6,105
2026-07-30,21:14,21:28,63,4,98
2026-07-30,20:08,20:33,2160,196,2730
2026-07-30,19:52,20:07,141,67,218
2026-07-30,19:18,19:46,299,18,461
2026-07-30,12:33,12:40,401,14,531
2026-07-30,12:06,12:12,164,7,253
2026-07-30,11:15,11:45,221,18,341
2026-07-30,10:16,10:22,283,8,405
2026-07-30,09:35,09:40,163,6,252
2026-07-30,07:29,07:47,240,12,342
2026-07-30,06:57,07:01,64,4,99
2026-07-31,23:48,23:59,207,9,286
2026-07-31,22:29,22:48,227,11,337
2026-07-31,20:14,20:19,278,9,404
2026-07-31,19:09,20:01,2831,597,3963
2026-07-31,18:56,19:08,442,23,606
2026-07-31,18:39,18:45,165,21,254
2026-07-31,17:50,17:54,81,19,126
2026-07-31,17:08,17:26,137,11,212
2026-07-31,16:18,16:40,88,8,136
2026-07-31,11:10,11:15,135,4,209
2026-07-31,09:27,09:34,247,10,380
2026-07-31,06:38,07:04,107,8,166
2026-08-01,23:50,23:59,200,9,297
2026-08-01,21:01,21:09,185,8,286
2026-08-01,20:37,20:43,277,11,394
2026-08-01,19:10,19:14,148,5,224
2026-08-01,17:56,18:23,81,5,126
2026-08-01,12:13,12:28,84,6,130
2026-08-01,12:08,12:12,104,4,161
2026-08-01,10:05,10:11,305,9,452
2026-08-01,09:41,09:47,249,8,383
2026-08-01,08:41,09:01,492,21,737
2026-08-01,03:00,03:07,443,16,637
2026-08-01,00:00,00:17,52,5,80
2026-08-02,23:19,23:38,184,9,274
2026-08-02,22:54,22:58,213,10,308
2026-08-02,21:22,21:28,246,8,364
2026-08-02,20:48,20:56,159,6,246
2026-08-02,20:35,20:39,129,6,199
2026-08-02,20:02,20:28,991,37,1422
2026-08-02,19:31,19:44,280,11,431
2026-08-02,18:14,18:46,525,22,794
2026-08-02,16:23,16:30,111,7,172
2026-08-02,10:35,10:40,62,5,96
2026-08-02,10:10,10:21,296,9,413
2026-08-02,09:19,09:31,169,6,260
2026-08-02,08:46,09:05,61,7,95
2026-08-02,07:48,08:12,4008,235,4163
2026-08-03,19:04,20:06,350,20,531
2026-08-03,12:36,12:46,276,13,401
2026-08-03,11:48,12:05,593,16,869
2026-08-03,10:04,10:09,300,8,441
2026-08-03,09:33,09:44,171,13,264
2026-08-03,04:24,08:08,89,9,137
2026-08-04,22:13,22:28,49,6,76
2026-08-04,00:02,00:06,79,4,122
2026-08-05,19:46,19:50,386,13,513
2026-08-05,19:41,19:45,177,7,265
2026-08-05,19:32,19:40,764,27,975
2026-08-05,19:23,19:31,573,20,782
2026-08-05,19:14,19:22,714,26,942
2026-08-05,19:06,19:13,568,21,778
2026-08-05,10:05,10:19,84,5,130
2026-08-06,20:41,20:52,84,4,130
2026-08-06,20:33,20:38,164,26,246
2026-08-06,20:14,20:30,68,35,105
2026-08-06,19:37,19:50,171,7,258
2026-08-06,19:01,19:15,124,8,192
2026-08-06,14:01,14:15,188,10,290
2026-08-06,12:20,12:27,312,12,480
2026-08-06,11:18,11:29,193,11,297
2026-08-06,10:13,10:17,179,8,263
2026-08-06,09:22,09:51,443,17,661
2026-08-06,07:28,07:46,398,15,586
2026-08-06,07:01,07:06,77,3,119
2026-08-07,20:03,20:08,250,27,345
2026-08-07,19:46,20:00,881,158,1249
2026-08-07,19:10,19:39,1827,314,2504
2026-08-07,19:00,19:09,243,10,329
2026-08-07,18:36,18:50,91,4,141
2026-08-07,16:56,17:09,163,10,244
2026-08-07,13:03,13:12,289,10,425
2026-08-07,12:05,12:10,167,7,258
2026-08-07,10:02,10:19,697,26,1043
2026-08-07,09:24,09:41,319,13,467
2026-08-07,07:31,07:38,110,4,162
2026-08-08,19:25,20:04,1926,379,2778
2026-08-08,18:23,19:13,2739,510,3900
2026-08-08,17:51,18:22,338,22,519
2026-08-08,17:22,17:28,83,3,128
2026-08-08,12:23,12:39,123,6,190
2026-08-08,12:06,12:10,191,5,295
2026-08-08,09:41,10:09,539,22,779
2026-08-08,08:39,08:49,279,9,423
2026-08-08,08:04,08:17,156,6,241
2026-08-08,07:50,07:55,92,6,143
2026-08-08,07:36,07:41,817,71,921
2026-08-08,07:11,07:35,1349,232,1620
2026-08-08,06:58,07:10,1798,110,2011
2026-08-08,06:49,06:57,327,15,496
2026-08-08,05:45,06:11,79,7,123
2026-08-09,23:14,23:31,247,14,365
2026-08-09,22:21,22:30,354,13,545
2026-08-09,21:53,22:04,399,17,553
2026-08-09,21:36,21:40,236,69,328
2026-08-09,20:36,20:48,333,130,513
2026-08-09,19:23,19:28,219,72,335
2026-08-09,19:18,19:22,221,20,325
2026-08-09,19:13,19:17,163,40,252
2026-08-09,18:17,18:30,411,15,549
2026-08-09,18:05,18:09,403,10,506
2026-08-09,16:01,16:05,353,11,447
2026-08-09,15:48,16:00,196,8,277
2026-08-09,15:13,15:18,70,5,109
2026-08-09,08:54,08:58,89,5,138
2026-08-09,04:45,08:30,45,3,70
2026-08-10,23:31,23:35,150,4,231
2026-08-10,18:09,19:08,143,12,220
2026-08-10,18:04,18:08,118,12,183
2026-08-10,17:43,17:47,84,16,130
2026-08-10,16:56,17:23,324,17,499
2026-08-10,12:15,13:10,1001,50,1539
2026-08-10,12:03,12:08,221,7,336
2026-08-10,10:13,10:18,149,6,230
2026-08-10,09:29,09:36,353,11,544
2026-08-10,08:35,08:49,67,6,104
2026-08-10,07:44,08:10,169,9,254
2026-08-10,06:37,07:37,166,10,223
2026-08-10,01:05,01:09,66,3,102
2026-08-11,21:54,22:38,211,23,326
2026-08-11,21:42,21:46,201,6,299
2026-08-11,21:09,21:18,644,21,838
2026-08-11,20:35,20:40,104,8,160
2026-08-11,20:12,20:18,167,32,258
2026-08-11,19:28,19:56,255,45,393
2026-08-11,13:17,13:36,196,11,303
2026-08-11,12:01,12:05,156,4,231
2026-08-11,10:15,10:20,238,8,353
2026-08-11,09:29,09:48,327,12,474
2026-08-12,22:13,22:27,117,7,181
2026-08-12,19:15,20:01,2190,602,3175
2026-08-12,19:06,19:14,246,23,379
2026-08-12,18:35,18:39,767,55,815
2026-08-12,17:58,18:34,2645,334,2967
2026-08-12,17:51,17:57,919,63,1055
2026-08-12,17:26,17:50,269,18,415
2026-08-12,14:58,15:07,122,4,188
2026-08-12,12:26,12:36,126,5,195
2026-08-12,12:00,12:09,128,5,198
2026-08-12,10:23,10:34,191,9,294
2026-08-12,10:07,10:11,175,6,270
2026-08-12,09:30,09:45,274,12,398
2026-08-12,08:28,08:32,363,11,483
2026-08-13,20:42,20:46,151,18,218
2026-08-13,19:56,20:29,212,112,327
2026-08-13,19:51,19:55,67,23,104
2026-08-13,17:58,18:14,72,5,111
2026-08-13,13:23,13:53,146,7,226
2026-08-13,11:56,12:26,631,24,946
2026-08-13,11:09,11:13,139,5,215
2026-08-13,10:03,10:08,260,7,397
2026-08-13,09:22,09:32,304,11,426
2026-08-13,07:34,07:39,181,6,274
2026-08-13,07:06,07:14,107,7,166
2026-08-14,22:17,22:24,301,8,450
2026-08-14,19:29,19:37,243,9,373
2026-08-14,18:16,18:22,44,11,69
2026-08-14,17:10,18:02,3115,622,4306
2026-08-14,15:58,16:03,138,6,213
2026-08-14,15:46,15:50,95,5,147
2026-08-14,15:24,15:45,187,11,277
2026-08-14,14:10,14:15,92,39,142
2026-08-14,13:56,14:03,127,47,196
2026-08-14,13:35,13:49,65,100,100
2026-08-14,13:28,13:34,99,47,153
2026-08-14,13:04,13:27,166,69,256
2026-08-14,12:30,12:46,353,16,544
2026-08-14,12:10,12:29,272,14,403
2026-08-14,12:00,12:05,177,7,273
2026-08-14,10:02,10:08,314,12,455
2026-08-14,09:52,09:56,68,3,105
2026-08-14,09:25,09:47,312,13,479
2026-08-14,07:05,07:09,53,2,83
2026-08-15,19:14,20:25,61,3,94
2026-08-16,23:15,23:21,204,8,311
2026-08-16,22:38,22:56,222,15,342
2026-08-16,21:13,21:34,228,11,351
2026-08-16,19:08,19:38,130,9,201
2026-08-16,18:30,18:50,1669,58,2187
2026-08-16,18:24,18:29,388,12,532
2026-08-16,18:09,18:19,306,11,412
2026-08-16,13:35,13:49,124,6,192
2026-08-17,21:06,21:27,343,17,528
2026-08-17,20:12,20:26,72,41,112
2026-08-17,17:52,18:18,195,73,300
2026-08-17,17:17,17:51,586,233,902
2026-08-17,16:55,16:58,42,3,65
2026-08-17,12:39,12:57,184,12,284
2026-08-17,12:26,12:36,353,13,520
2026-08-17,12:03,12:11,158,6,244
2026-08-17,09:39,10:11,476,21,691
2026-08-17,09:29,09:38,299,12,444
2026-08-17,07:53,08:09,281,14,433
2026-08-18,21:46,21:50,89,4,138
2026-08-18,21:29,21:33,50,2,78
2026-08-18,20:59,21:22,109,10,169
2026-08-18,20:37,20:43,98,4,152
2026-08-18,20:00,20:06,54,4,84
2026-08-18,18:45,19:32,3441,123,4597
2026-08-18,18:20,18:30,149,6,230
2026-08-18,13:20,13:47,459,27,703
2026-08-18,12:04,12:27,423,18,626
2026-08-18,10:09,10:13,253,7,367
2026-08-18,08:25,08:35,286,11,410
2026-08-18,08:01,08:15,413,14,607
2026-08-19,22:05,22:49,66,4,103
2026-08-19,19:10,20:00,2459,615,3501
2026-08-19,18:00,18:34,3266,370,3750
2026-08-19,17:53,17:59,931,67,1062
2026-08-19,17:35,17:50,252,9,388
2026-08-19,12:14,12:39,153,13,236
2026-08-19,12:05,12:11,231,7,356
2026-08-19,09:55,10:12,407,16,580
2026-08-19,09:31,09:35,184,6,263
2026-08-20,21:01,21:07,181,6,271
2026-08-20,20:18,20:53,1487,322,2121
2026-08-20,20:05,20:12,112,52,173
2026-08-20,19:16,20:04,2607,513,3685
2026-08-20,18:51,18:57,113,7,175
2026-08-20,12:24,12:28,253,8,369
2026-08-20,12:03,12:09,189,6,291
2026-08-20,10:01,10:05,243,9,329
2026-08-20,09:31,09:47,208,10,310
2026-08-20,07:29,07:47,394,20,573
2026-08-21,20:58,22:36,94,4,146
2026-08-21,18:11,19:05,3649,648,5009
2026-08-21,12:15,12:29,298,15,402
2026-08-21,12:03,12:09,160,7,247
2026-08-21,10:03,10:11,324,12,476
2026-08-21,09:27,09:31,199,6,290
2026-08-21,07:26,07:38,312,11,438
2026-08-22,22:46,22:50,59,3,91
2026-08-22,20:24,20:50,130,8,200
2026-08-22,16:22,16:44,330,18,436
2026-08-22,15:36,15:41,222,9,342
2026-08-22,15:23,15:35,352,17,510
2026-08-22,15:13,15:22,282,11,435
2026-08-22,14:45,14:49,116,54,179
2026-08-22,14:40,14:44,216,74,293
2026-08-22,14:16,14:39,511,62,786
2026-08-22,13:54,14:15,185,12,281
2026-08-22,13:17,13:21,174,6,251
2026-08-22,12:43,12:47,252,7,363
2026-08-22,12:10,12:29,175,10,249
2026-08-22,12:03,12:07,91,3,141
2026-08-22,09:16,09:38,642,28,920
2026-08-23,23:54,23:58,81,3,126
2026-08-23,23:41,23:45,280,8,395
2026-08-23,22:50,23:03,46,5,72
2026-08-23,22:26,22:33,81,7,126
2026-08-23,21:08,21:23,75,5,116
2026-08-23,20:34,20:39,409,16,553
2026-08-23,20:21,20:33,909,33,1254
2026-08-23,20:16,20:20,224,5,336
2026-08-23,19:28,19:35,512,20,745
2026-08-23,19:09,19:24,960,33,1288
2026-08-23,18:31,18:53,316,16,465
2026-08-23,17:55,18:14,137,12,212
2026-08-23,13:35,13:59,3314,279,3786
2026-08-23,13:03,13:09,514,47,681
2026-08-23,12:53,13:02,1424,115,1569
2026-08-24,21:41,21:45,130,17,190
2026-08-24,21:25,21:32,149,36,230
2026-08-24,20:54,21:16,254,52,375
2026-08-24,20:42,20:46,76,3,117
2026-08-24,12:11,12:27,105,12,163
2026-08-24,12:05,12:10,196,6,303
2026-08-24,10:11,10:15,313,9,453
2026-08-24,09:22,09:40,279,14,406
2026-08-24,08:46,08:56,183,9,264
2026-08-24,08:30,08:34,88,4,136
2026-08-24,01:02,01:10,115,6,178
2026-08-24,00:00,00:04,235,6,350
2026-08-25,21:39,22:25,300,93,451
2026-08-25,21:19,21:33,120,19,186
2026-08-25,20:23,20:37,155,9,239
2026-08-25,13:31,13:52,309,13,429
2026-08-25,11:59,12:13,379,17,549
2026-08-25,10:02,10:09,236,8,363
2026-08-25,09:36,09:40,216,7,324
2026-08-25,07:44,07:51,160,8,247
2026-08-25,06:24,07:26,9013,790,9911
2026-08-25,06:09,06:23,115,7,178
2026-08-26,20:02,20:09,155,17,235
2026-08-26,19:11,20:01,3251,646,4491
2026-08-26,19:04,19:10,238,26,327
2026-08-26,18:41,18:55,193,10,293
2026-08-26,17:37,17:47,188,9,284
2026-08-27,20:55,21:50,2440,329,2836
2026-08-27,20:48,20:54,934,67,1064
2026-08-27,19:44,20:01,91,46,141
2026-08-27,19:29,19:35,155,5,239
2026-08-27,19:13,19:20,104,4,160
2026-08-27,11:58,12:30,469,15,678
2026-08-27,11:40,11:49,306,11,472
2026-08-27,10:10,10:14,284,8,407
2026-08-27,09:28,09:34,201,6,298
2026-08-27,04:12,07:03,68,5,105
2026-08-28,22:50,22:55,109,6,168
2026-08-28,20:16,20:34,46,7,71
2026-08-29,16:04,16:13,57,5,89
2026-08-30,21:29,21:43,57,5,88
2026-08-30,19:13,20:04,2933,587,4099
2026-08-30,17:54,17:58,78,5,121
2026-08-30,11:12,11:26,113,7,175
2026-08-30,10:35,11:03,242,128,373
2026-08-30,09:59,10:06,135,8,205
2026-08-30,09:47,09:51,132,5,204
2026-08-30,07:58,08:18,1087,44,1470
2026-08-30,07:39,07:52,2258,129,2333
2026-08-30,07:27,07:36,235,10,329
2026-08-31,21:38,21:52,85,8,132
2026-08-31,21:19,21:26,191,7,295
2026-08-31,20:53,20:57,136,7,210
2026-08-31,20:01,20:50,275,15,423
2026-08-31,11:58,12:02,200,7,309
2026-08-31,10:08,10:15,474,16,670
2026-08-31,09:29,09:45,237,9,342
2026-08-31,07:49,08:05,281,16,433
2026-09-01,10:08,10:13,278,9,415
2026-09-01,07:53,08:03,191,9,294
2026-09-01,00:57,01:05,182,7,281
2026-09-01,00:21,00:40,104,10,161
2026-09-02,20:02,20:06,86,13,133
2026-09-02,19:12,20:01,3036,571,4128
2026-09-02,19:07,19:11,152,9,231
2026-09-02,11:52,12:09,306,16,440
2026-09-02,09:59,10:04,325,12,464
2026-09-02,09:32,09:40,169,8,260
2026-09-02,07:53,08:06,189,9,292
2026-09-02,07:37,07:41,113,5,175
2026-09-03,22:56,23:02,111,5,172
2026-09-03,22:36,22:43,303,14,398
2026-09-03,22:26,22:32,1156,99,1183
2026-09-03,21:57,22:25,1793,266,2125
2026-09-03,21:49,21:56,1019,68,1187
2026-09-03,21:44,21:48,63,4,98
2026-09-03,20:51,21:20,191,85,294
2026-09-03,20:42,20:49,173,10,244
2026-09-03,19:41,19:57,147,8,221
2026-09-03,19:10,19:15,43,4,67
2026-09-03,12:30,12:41,264,8,385
2026-09-03,11:39,11:54,56,7,87
2026-09-03,10:04,10:19,253,12,375
2026-09-03,09:22,09:27,198,7,294
2026-09-03,06:23,06:46,98,9,152
2026-09-03,06:18,06:22,65,4,101
2026-09-04,20:45,20:55,143,7,221
2026-09-04,17:29,17:53,195,79,300
2026-09-04,17:00,17:23,220,52,339
2026-09-04,16:37,16:44,163,8,252
2026-09-04,16:18,16:28,169,8,260
2026-09-05,20:15,21:05,2874,610,4065
2026-09-05,20:07,20:14,263,36,405
2026-09-05,15:14,16:41,328,20,487
2026-09-05,14:36,14:58,190,12,292
2026-09-05,11:25,11:29,64,28,99
2026-09-05,10:24,10:42,220,75,339
2026-09-05,10:06,10:20,122,8,189
2026-09-06,22:41,22:45,94,4,145
2026-09-06,20:09,20:39,118,13,183
2026-09-06,19:44,20:08,1723,57,2358
2026-09-06,19:28,19:43,624,23,867
2026-09-06,19:15,19:25,781,28,1070
2026-09-06,10:36,10:50,340,15,473
2026-09-06,08:01,08:24,148,8,229
2026-09-06,07:41,07:54,543,88,691
2026-09-06,07:10,07:40,4794,409,5071
2026-09-06,06:54,07:09,188,11,290
2026-09-06,05:40,05:58,68,7,106
2026-09-07,12:17,12:28,271,11,417
2026-09-07,09:55,10:04,330,13,495
2026-09-07,09:28,09:45,251,12,376
2026-09-07,07:47,08:00,268,11,389
2026-09-07,07:26,07:36,193,11,297
2026-09-08,21:06,21:11,141,4,217
2026-09-08,20:33,20:41,75,5,116
2026-09-08,20:13,20:19,188,29,275
2026-09-08,19:19,19:23,71,3,110
2026-09-08,18:54,18:59,91,5,140
2026-09-08,18:35,18:53,95,5,147
2026-09-08,13:51,14:09,160,11,247
2026-09-08,13:27,13:41,196,9,302
2026-09-08,12:20,12:24,193,8,263
2026-09-08,11:40,11:55,329,16,478
2026-09-08,09:57,10:02,218,7,336
2026-09-08,08:30,08:37,250,10,356
2026-09-08,08:09,08:23,141,8,218
2026-09-08,06:34,07:25,8150,718,8563
2026-09-08,06:21,06:33,159,10,246
2026-09-09,21:49,22:05,227,11,337
2026-09-09,21:12,21:30,88,43,136
2026-09-09,20:56,21:02,143,6,219
2026-09-09,19:01,19:15,135,8,209
2026-09-09,15:04,15:15,192,6,283
2026-09-09,13:39,14:02,256,15,379
2026-09-09,12:25,12:41,141,12,217
2026-09-09,11:57,12:02,158,6,244
2026-09-09,11:27,11:36,216,8,327
2026-09-09,10:07,10:16,201,9,297
2026-09-09,09:12,09:36,415,19,606
2026-09-09,09:06,09:11,102,6,157
2026-09-09,08:44,09:05,293,16,451
2026-09-09,08:27,08:42,327,12,504
2026-09-09,08:00,08:05,238,7,349
2026-09-09,00:12,00:16,114,4,176
2026-09-10,20:22,21:00,212,12,327
2026-09-10,19:14,20:00,2693,524,3746
2026-09-10,19:03,19:13,318,25,435
2026-09-10,18:38,18:53,153,11,236
2026-09-10,16:51,17:08,188,66,290
2026-09-10,16:36,16:50,124,86,191
2026-09-10,16:20,16:35,208,98,320
2026-09-10,15:36,16:19,2655,378,2962
2026-09-10,15:29,15:35,975,66,1087
2026-09-10,15:07,15:28,178,13,274
2026-09-11,12:25,12:29,105,4,163
2026-09-11,12:00,12:09,263,10,401
2026-09-11,10:05,10:11,280,9,403
2026-09-11,09:28,09:37,225,8,330
2026-09-11,07:01,07:12,78,5,120
2026-09-12,23:51,23:56,110,6,170
2026-09-12,23:43,23:50,462,17,636
2026-09-12,23:38,23:42,195,7,301
2026-09-12,23:27,23:37,502,19,761
2026-09-12,23:16,23:26,282,11,434
2026-09-12,22:49,23:07,456,20,692
2026-09-12,22:41,22:48,200,10,293
2026-09-12,22:24,22:31,110,6,170
2026-09-12,21:22,21:29,91,6,140
2026-09-12,20:45,20:53,66,5,102
2026-09-12,19:40,20:31,264,35,407
2026-09-12,18:52,18:56,158,5,244
2026-09-12,18:33,18:40,159,8,246
2026-09-12,14:24,14:28,61,5,95
2026-09-12,11:25,11:41,349,15,469
2026-09-12,10:49,10:57,273,39,380
2026-09-12,10:42,10:46,137,63,212
2026-09-12,10:21,10:41,190,144,293
2026-09-12,10:12,10:20,705,126,907
2026-09-12,09:59,10:03,100,52,155
2026-09-12,09:44,09:50,329,49,487
2026-09-12,09:16,09:43,762,205,1156
2026-09-12,08:40,08:48,215,6,321
2026-09-12,07:51,08:09,118,9,183
2026-09-12,04:29,05:30,80,4,124
2026-09-13,22:00,22:13,111,6,171
2026-09-13,11:36,11:55,112,5,173
2026-09-13,10:18,10:28,201,11,310
2026-09-13,09:47,09:51,675,70,762
2026-09-13,09:26,09:46,1097,186,1419
2026-09-13,09:20,09:25,724,69,866
2026-09-13,09:12,09:19,556,81,778
2026-09-13,09:07,09:11,652,59,751
2026-09-13,08:53,09:03,852,119,1088
2026-09-13,08:48,08:52,136,43,210
2026-09-13,08:38,08:43,856,80,943
2026-09-13,08:29,08:37,313,68,434
2026-09-13,08:24,08:28,677,55,765
2026-09-13,08:05,08:23,556,27,807
2026-09-13,07:29,07:59,126,15,195
2026-09-13,07:22,07:28,130,6,201
2026-09-13,07:05,07:20,135,12,209
2026-09-13,01:25,01:30,394,11,572
2026-09-13,01:16,01:22,337,14,471
2026-09-13,00:45,00:57,375,13,578
2026-09-13,00:26,00:36,684,24,925
2026-09-13,00:05,00:25,578,21,878
2026-09-14,23:15,23:52,101,3,156
2026-09-14,21:14,21:39,182,11,280
2026-09-14,19:58,20:22,138,9,213
2026-09-14,19:01,19:06,85,6,131
2026-09-14,18:12,18:32,128,10,197
2026-09-14,14:03,14:10,122,6,188
2026-09-14,11:33,12:06,40,5,63
2026-09-15,22:11,22:34,157,7,242
2026-09-15,19:09,19:29,143,9,221
2026-09-15,17:16,17:43,172,11,266
2026-09-15,16:03,16:08,113,5,175
2026-09-15,13:25,13:44,262,11,373
2026-09-15,12:07,12:19,198,11,287
2026-09-16,22:17,22:24,99,6,153
2026-09-16,20:49,20:53,130,5,200
2026-09-16,20:37,20:41,176,4,271
2026-09-16,20:19,20:24,263,8,405
2026-09-16,18:54,18:59,272,7,413
2026-09-16,18:28,18:35,137,6,212
2026-09-16,15:43,16:06,189,11,291
2026-09-16,12:13,12:27,136,10,210
2026-09-16,12:01,12:05,251,9,345
2026-09-16,10:03,10:08,301,9,435
2026-09-16,08:29,08:56,901,32,1308
2026-09-17,23:06,23:23,111,9,171
2026-09-17,21:49,21:57,248,10,370
2026-09-17,21:14,21:19,254,8,391
2026-09-17,20:45,21:00,386,14,536
2026-09-17,20:24,20:29,377,13,507
2026-09-17,19:57,20:22,163,9,252
2026-09-17,19:17,19:50,742,36,980
2026-09-17,18:21,18:42,223,70,344
2026-09-17,17:58,18:09,128,7,197
2026-09-17,17:41,17:48,133,6,206
2026-09-17,14:42,14:56,94,6,146
2026-09-17,12:09,12:26,550,21,806
2026-09-17,09:59,10:06,312,9,463
2026-09-17,07:04,07:23,110,7,170
2026-09-18,23:47,23:51,146,5,226
2026-09-18,22:01,22:40,96,8,148
2026-09-18,20:28,20:34,130,5,201
2026-09-18,20:04,20:11,1279,102,1331
2026-09-18,19:42,20:03,1434,196,1693
2026-09-18,19:35,19:41,949,67,1072
2026-09-18,18:29,18:39,186,6,278
2026-09-18,16:00,16:07,210,8,323
2026-09-18,00:03,00:15,66,5,102
2026-09-19,18:45,19:02,107,8,165
2026-09-19,17:33,17:51,273,16,420
2026-09-19,17:11,17:32,777,34,1138
2026-09-19,16:10,16:35,233,13,359
2026-09-19,15:58,16:07,545,15,780
2026-09-19,14:26,14:49,494,18,710
2026-09-19,13:08,14:04,241,13,371
2026-09-20,22:22,22:27,352,9,487
2026-09-20,20:58,21:08,202,9,312
2026-09-20,20:49,20:53,229,46,341
2026-09-20,20:37,20:42,191,33,295
2026-09-20,20:12,20:36,333,125,506
2026-09-20,20:05,20:09,129,38,199
2026-09-20,19:39,19:58,780,194,1135
2026-09-20,19:26,19:36,203,47,313
2026-09-20,18:44,19:04,189,12,291
2026-09-20,18:39,18:43,87,3,135
2026-09-20,17:03,17:16,79,5,122
2026-09-20,01:51,02:08,70,6,109
2026-09-21,22:15,22:33,312,31,454
2026-09-21,21:15,21:24,222,11,328
2026-09-21,19:32,19:38,64,4,99
2026-09-21,18:27,18:53,173,11,267
2026-09-21,12:08,12:12,107,4,165
2026-09-21,11:50,12:05,295,12,438
2026-09-21,10:25,10:47,477,20,680
2026-09-21,08:35,08:42,421,63,551
2026-09-21,08:20,08:34,2449,204,2521
2026-09-21,08:04,08:16,273,12,410
2026-09-21,07:23,07:44,61,6,94
2026-09-22,12:06,12:20,338,14,521
2026-09-22,10:01,10:18,293,14,451
2026-09-22,09:29,09:35,203,8,305
2026-09-22,08:04,08:30,312,17,420
2026-09-22,07:52,07:56,85,5,131
2026-09-23,22:12,22:16,96,3,148
2026-09-23,19:30,19:45,1329,45,1697
2026-09-23,19:18,19:25,496,31,676
2026-09-23,18:48,18:52,53,15,83
2026-09-23,18:15,18:27,332,22,501
2026-09-23,18:08,18:14,641,20,787
2026-09-23,18:03,18:07,217,6,296
2026-09-23,17:41,17:55,121,9,187
2026-09-23,12:11,12:24,295,13,455
2026-09-23,11:59,12:03,139,6,215
2026-09-23,10:06,10:11,229,9,353
2026-09-23,09:31,09:36,229,7,345
2026-09-23,07:47,07:57,300,9,437
2026-09-23,06:58,07:08,86,5,133
2026-09-24,21:31,21:46,199,9,307
2026-09-24,21:08,21:12,115,4,178
2026-09-24,20:50,20:58,349,96,538
2026-09-24,20:08,20:47,2423,465,3350
2026-09-24,20:03,20:07,124,29,191
2026-09-24,18:36,18:40,102,5,158
2026-09-24,17:37,17:41,67,3,104
2026-09-24,13:54,14:12,70,6,109
2026-09-24,12:18,12:22,258,8,366
2026-09-24,11:04,11:09,175,5,270
2026-09-24,09:48,10:05,349,12,510
2026-09-24,09:28,09:36,252,8,374
2026-09-24,07:44,07:50,116,6,179
2026-09-24,06:36,06:52,2759,238,2848
2026-09-24,06:23,06:27,75,5,116
2026-09-25,20:18,20:37,216,14,327
2026-09-25,19:43,19:52,727,28,979
2026-09-25,19:37,19:42,400,15,562
2026-09-25,19:32,19:36,335,10,479
2026-09-25,18:27,18:31,389,13,519
2026-09-25,18:23,18:26,310,12,414
2026-09-25,18:17,18:22,465,18,622
2026-09-25,17:09,17:27,182,9,280
2026-09-25,16:10,16:16,53,3,83
2026-09-25,13:46,13:55,168,8,259
2026-09-25,10:37,10:54,195,60,300
2026-09-25,10:20,10:36,312,13,481
2026-09-26,20:25,20:39,90,7,139
2026-09-26,12:03,12:51,496,29,745
2026-09-26,11:13,11:24,123,6,190
2026-09-26,10:08,10:14,196,7,303
2026-09-26,09:31,09:37,303,9,450
2026-09-27,23:50,23:55,98,4,151
2026-09-27,23:06,23:10,143,6,220
2026-09-27,23:01,23:05,266,9,371
2026-09-27,22:55,23:00,141,6,217
2026-09-27,19:08,19:32,367,16,546
2026-09-27,18:10,18:27,234,11,360
2026-09-27,17:48,17:54,93,4,144
2026-09-27,17:30,17:37,138,5,207
2026-09-27,16:18,16:22,152,4,234
2026-09-27,15:09,15:30,174,9,254
2026-09-27,14:16,14:28,126,9,194
2026-09-27,12:38,12:45,89,3,138
2026-09-27,11:37,11:44,501,18,709
2026-09-27,11:22,11:29,534,18,762
2026-09-27,10:24,10:28,79,4,122
2026-09-27,07:58,09:53,15466,1327,17476
2026-09-27,07:29,07:57,323,18,496
2026-09-27,06:16,06:39,202,15,311
2026-09-28,22:10,22:14,144,5,223
2026-09-28,21:22,21:33,438,15,646
2026-09-28,20:53,21:21,562,281,830
2026-09-28,20:39,20:45,385,89,514
2026-09-28,20:32,20:38,557,101,740
2026-09-28,20:12,20:21,262,110,382
2026-09-28,19:54,19:58,128,52,197
2026-09-28,19:39,19:44,105,33,163
2026-09-28,18:58,19:10,139,10,214
2026-09-28,12:29,12:35,167,8,258
2026-09-28,11:51,12:25,935,39,1334
2026-09-28,10:07,10:16,272,8,419
2026-09-28,09:19,09:38,347,15,513
2026-09-28,00:00,00:23,101,9,156
