date,deepSleepTime,shallowSleepTime,wakeTime,start,stop,REMTime,naps
2026-07-20,62,91,5,2026-07-20 08:33:00+0000,2026-07-20 11:30:00+0000,19,
2026-07-21,60,287,9,2026-07-20 17:52:00+0000,2026-07-21 01:30:00+0000,102,"[{\"start\":\"2024-10-04 00:39:01+0000\",\"end\":\"2024-10-04 00:39:05+0000\"},{\"start\":\"2024-10-04 00:39:06+0000\",\"end\":\"2024-10-04 00:39:48+0000\"},{\"start\":\"2024-10-04 00:39:49+0000\",\"end\":\"2024-10-04 00:39:57+0000\"},{\"start\":\"2024-10-04 00:39:58+0000\",\"end\":\"2024-10-04 00:40:30+0000\"},{\"start\":\"2024-10-04 00:40:31+0000\",\"end\":\"2024-10-04 00:40:34+0000\"},{\"start\":\"2024-10-04 00:40:35+0000\",\"end\":\"2024-10-04 00:40:38+0000\"},{\"start\":\"2024-10-04 00:40:39+0000\",\"end\":\"2024-10-04 00:41:17+0000\"},{\"start\":\"2024-10-04 00:41:18+0000\",\"end\":\"2024-10-04 00:41:18+0000\"},{\"start\":\"2024-10-04 00:41:19+0000\",\"end\":\"2024-10-04 00:41:22+0000\"},{\"start\":\"2024-10-04 00:41:23+0000\",\"end\":\"2024-10-04 00:41:25+0000\"},{\"start\":\"2024-10-04 00:41:26+0000\",\"end\":\"2024-10-04 00:41:32+0000\"}]"
2026-07-22,64,292,6,2026-07-21 18:08:00+0000,2026-07-22 01:26:00+0000,76,"[{\"start\":\"2024-10-04 00:38:05+0000\",\"end\":\"2024-10-04 00:38:13+0000\"},{\"start\":\"2024-10-04 00:38:14+0000\",\"end\":\"2024-10-04 00:38:32+0000\"},{\"start\":\"2024-10-04 00:38:33+0000\",\"end\":\"2024-10-04 00:38:51+0000\"},{\"start\":\"2024-10-04 00:38:52+0000\",\"end\":\"2024-10-04 00:39:23+0000\"},{\"start\":\"2024-10-04 00:39:24+0000\",\"end\":\"2024-10-04 00:40:14+0000\"},{\"start\":\"2024-10-04 00:40:15+0000\",\"end\":\"2024-10-04 00:40:15+0000\"},{\"start\":\"2024-10-04 00:40:16+0000\",\"end\":\"2024-10-04 00:40:31+0000\"}]"
2026-07-23,40,221,16,2026-07-22 18:48:00+0000,2026-07-23 00:46:00+0000,81,"[{\"start\":\"2024-10-04 00:40:30+0000\",\"end\":\"2024-10-04 00:40:45+0000\"},{\"start\":\"2024-10-04 00:40:46+0000\",\"end\":\"2024-10-04 00:40:52+0000\"},{\"start\":\"2024-10-04 00:40:53+0000\",\"end\":\"2024-10-04 00:41:04+0000\"},{\"start\":\"2024-10-04 00:41:05+0000\",\"end\":\"2024-10-04 00:41:11+0000\"},{\"start\":\"2024-10-04 00:41:12+0000\",\"end\":\"2024-10-04 00:41:27+0000\"}]"
2026-07-24,67,197,28,2026-07-23 19:10:00+0000,2026-07-24 00:48:00+0000,46,"[{\"start\":\"2024-10-04 00:39:37+0000\",\"end\":\"2024-10-04 00:39:51+0000\"},{\"start\":\"2024-10-04 00:39:52+0000\",\"end\":\"2024-10-04 00:39:58+0000\"},{\"start\":\"2024-10-04 00:39:59+0000\",\"end\":\"2024-10-04 00:40:01+0000\"},{\"start\":\"2024-10-04 00:40:02+0000\",\"end\":\"2024-10-04 00:40:02+0000\"},{\"start\":\"2024-10-04 00:40:03+0000\",\"end\":\"2024-10-04 00:40:12+0000\"},{\"start\":\"2024-10-04 00:40:13+0000\",\"end\":\"2024-10-04 00:40:15+0000\"},{\"start\":\"2024-10-04 00:40:16+0000\",\"end\":\"2024-10-04 00:40:23+0000\"},{\"start\":\"2024-10-04 00:40:24+0000\",\"end\":\"2024-10-04 00:40:26+0000\"},{\"start\":\"2024-10-04 00:40:27+0000\",\"end\":\"2024-10-04 00:40:27+0000\"},{\"start\":\"2024-10-04 00:40:28+0000\",\"end\":\"2024-10-04 00:40:28+0000\"},{\"start\":\"2024-10-04 00:40:29+0000\",\"end\":\"2024-10-04 00:40:52+0000\"},{\"start\":\"2024-10-04 00:40:53+0000\",\"end\":\"2024-10-04 00:41:15+0000\"},{\"start\":\"2024-10-04 00:41:16+0000\",\"end\":\"2024-10-04 00:41:22+0000\"},{\"start\":\"2024-10-04 00:41:23+0000\",\"end\":\"2024-10-04 00:41:47+0000\"},{\"start\":\"2024-10-04 00:41:48+0000\",\"end\":\"2024-10-04 00:42:50+0000\"}]"
2026-07-25,59,252,9,2026-07-24 20:43:00+0000,2026-07-25 03:42:00+0000,99,"[{\"start\":\"2024-10-04 00:40:27+0000\",\"end\":\"2024-10-04 00:40:56+0000\"},{\"start\":\"2024-10-04 00:40:57+0000\",\"end\":\"2024-10-04 00:41:06+0000\"},{\"start\":\"2024-10-04 00:41:07+0000\",\"end\":\"2024-10-04 00:41:09+0000\"},{\"start\":\"2024-10-04 00:41:10+0000\",\"end\":\"2024-10-04 00:41:10+0000\"},{\"start\":\"2024-10-04 00:41:11+0000\",\"end\":\"2024-10-04 00:41:20+0000\"}]"
2026-07-26,109,290,7,2026-07-25 21:33:00+0000,2026-07-26 06:28:00+0000,129,
2026-07-27,64,214,1,2026-07-26 18:25:00+0000,2026-07-27 00:53:00+0000,109,"[{\"start\":\"2024-10-04 00:39:23+0000\",\"end\":\"2024-10-04 00:39:36+0000\"},{\"start\":\"2024-10-04 00:39:37+0000\",\"end\":\"2024-10-04 00:39:59+0000\"},{\"start\":\"2024-10-04 00:40:00+0000\",\"end\":\"2024-10-04 00:40:10+0000\"},{\"start\":\"2024-10-04 00:40:11+0000\",\"end\":\"2024-10-04 00:40:49+0000\"},{\"start\":\"2024-10-04 00:40:50+0000\",\"end\":\"2024-10-04 00:40:58+0000\"},{\"start\":\"2024-10-04 00:40:59+0000\",\"end\":\"2024-10-04 00:40:59+0000\"},{\"start\":\"2024-10-04 00:41:00+0000\",\"end\":\"2024-10-04 00:41:02+0000\"},{\"start\":\"2024-10-04 00:41:03+0000\",\"end\":\"2024-10-04 00:41:04+0000\"},{\"start\":\"2024-10-04 00:41:05+0000\",\"end\":\"2024-10-04 00:41:08+0000\"},{\"start\":\"2024-10-04 00:41:09+0000\",\"end\":\"2024-10-04 00:41:09+0000\"},{\"start\":\"2024-10-04 00:41:10+0000\",\"end\":\"2024-10-04 00:41:10+0000\"}]"
2026-07-28,75,249,4,2026-07-27 19:42:00+0000,2026-07-28 02:32:00+0000,82,"[{\"start\":\"2024-10-04 00:39:26+0000\",\"end\":\"2024-10-04 00:39:38+0000\"},{\"start\":\"2024-10-04 00:39:39+0000\",\"end\":\"2024-10-04 00:39:39+0000\"},{\"start\":\"2024-10-04 00:39:40+0000\",\"end\":\"2024-10-04 00:39:52+0000\"},{\"start\":\"2024-10-04 00:39:53+0000\",\"end\":\"2024-10-04 00:40:23+0000\"},{\"start\":\"2024-10-04 00:40:24+0000\",\"end\":\"2024-10-04 00:41:39+0000\"},{\"start\":\"2024-10-04 00:41:40+0000\",\"end\":\"2024-10-04 00:41:58+0000\"},{\"start\":\"2024-10-04 00:41:59+0000\",\"end\":\"2024-10-04 00:42:13+0000\"}]"
2026-07-29,59,82,3,2026-07-28 19:46:00+0000,2026-07-28 22:45:00+0000,35,"[{\"start\":\"2024-10-04 00:38:18+0000\",\"end\":\"2024-10-04 00:38:32+0000\"},{\"start\":\"2024-10-04 00:38:33+0000\",\"end\":\"2024-10-04 00:38:34+0000\"},{\"start\":\"2024-10-04 00:38:35+0000\",\"end\":\"2024-10-04 00:38:37+0000\"},{\"start\":\"2024-10-04 00:38:38+0000\",\"end\":\"2024-10-04 00:38:38+0000\"},{\"start\":\"2024-10-04 00:38:39+0000\",\"end\":\"2024-10-04 00:39:00+0000\"}]"
2026-07-30,58,222,2,2026-07-29 18:58:00+0000,2026-07-30 01:22:00+0000,102,"[{\"start\":\"2024-10-04 00:39:11+0000\",\"end\":\"2024-10-04 00:39:24+0000\"},{\"start\":\"2024-10-04 00:39:25+0000\",\"end\":\"2024-10-04 00:40:02+0000\"},{\"start\":\"2024-10-04 00:40:03+0000\",\"end\":\"2024-10-04 00:40:18+0000\"},{\"start\":\"2024-10-04 00:40:19+0000\",\"end\":\"2024-10-04 00:40:45+0000\"},{\"start\":\"2024-10-04 00:40:46+0000\",\"end\":\"2024-10-04 00:41:29+0000\"},{\"start\":\"2024-10-04 00:41:30+0000\",\"end\":\"2024-10-04 00:41:30+0000\"},{\"start\":\"2024-10-04 00:41:31+0000\",\"end\":\"2024-10-04 00:41:35+0000\"},{\"start\":\"2024-10-04 00:41:36+0000\",\"end\":\"2024-10-04 00:41:37+0000\"},{\"start\":\"2024-10-04 00:41:38+0000\",\"end\":\"2024-10-04 00:41:40+0000\"}]"
2026-07-31,50,121,8,2026-07-30 21:33:00+0000,2026-07-31 00:59:00+0000,27,"[{\"start\":\"2024-10-04 00:38:32+0000\",\"end\":\"2024-10-04 00:38:48+0000\"},{\"start\":\"2024-10-04 00:38:49+0000\",\"end\":\"2024-10-04 00:39:17+0000\"},{\"start\":\"2024-10-04 00:39:18+0000\",\"end\":\"2024-10-04 00:39:20+0000\"},{\"start\":\"2024-10-04 00:39:21+0000\",\"end\":\"2024-10-04 00:39:21+0000\"},{\"start\":\"2024-10-04 00:39:22+0000\",\"end\":\"2024-10-04 00:39:31+0000\"},{\"start\":\"2024-10-04 00:39:32+0000\",\"end\":\"2024-10-04 00:39:34+0000\"},{\"start\":\"2024-10-04 00:39:35+0000\",\"end\":\"2024-10-04 00:39:37+0000\"},{\"start\":\"2024-10-04 00:39:38+0000\",\"end\":\"2024-10-04 00:39:44+0000\"},{\"start\":\"2024-10-04 00:39:45+0000\",\"end\":\"2024-10-04 00:39:47+0000\"},{\"start\":\"2024-10-04 00:39:48+0000\",\"end\":\"2024-10-04 00:39:49+0000\"},{\"start\":\"2024-10-04 00:39:50+0000\",\"end\":\"2024-10-04 00:39:59+0000\"}]"
2026-08-01,31,111,39,2026-07-31 23:10:00+0000,2026-08-01 03:02:00+0000,51,"[{\"start\":\"2024-10-04 00:38:13+0000\",\"end\":\"2024-10-04 00:38:31+0000\"},{\"start\":\"2024-10-04 00:38:32+0000\",\"end\":\"2024-10-04 00:38:46+0000\"},{\"start\":\"2024-10-04 00:38:47+0000\",\"end\":\"2024-10-04 00:38:54+0000\"},{\"start\":\"2024-10-04 00:38:55+0000\",\"end\":\"2024-10-04 00:38:56+0000\"},{\"start\":\"2024-10-04 00:38:57+0000\",\"end\":\"2024-10-04 00:39:02+0000\"},{\"start\":\"2024-10-04 00:39:03+0000\",\"end\":\"2024-10-04 00:39:39+0000\"},{\"start\":\"2024-10-04 00:39:40+0000\",\"end\":\"2024-10-04 00:40:47+0000\"},{\"start\":\"2024-10-04 00:40:48+0000\",\"end\":\"2024-10-04 00:41:02+0000\"},{\"start\":\"2024-10-04 00:41:03+0000\",\"end\":\"2024-10-04 00:41:06+0000\"},{\"start\":\"2024-10-04 00:41:07+0000\",\"end\":\"2024-10-04 00:41:11+0000\"},{\"start\":\"2024-10-04 00:41:12+0000\",\"end\":\"2024-10-04 00:41:16+0000\"}]"
2026-08-02,83,145,4,2026-08-01 19:57:00+0000,2026-08-02 01:05:00+0000,76,"[{\"start\":\"2024-10-04 00:37:19+0000\",\"end\":\"2024-10-04 00:37:35+0000\"},{\"start\":\"2024-10-04 00:37:36+0000\",\"end\":\"2024-10-04 00:37:47+0000\"},{\"start\":\"2024-10-04 00:37:48+0000\",\"end\":\"2024-10-04 00:37:50+0000\"},{\"start\":\"2024-10-04 00:37:51+0000\",\"end\":\"2024-10-04 00:37:51+0000\"},{\"start\":\"2024-10-04 00:37:52+0000\",\"end\":\"2024-10-04 00:38:02+0000\"},{\"start\":\"2024-10-04 00:38:03+0000\",\"end\":\"2024-10-04 00:38:12+0000\"},{\"start\":\"2024-10-04 00:38:13+0000\",\"end\":\"2024-10-04 00:38:34+0000\"},{\"start\":\"2024-10-04 00:38:35+0000\",\"end\":\"2024-10-04 00:38:40+0000\"},{\"start\":\"2024-10-04 00:38:41+0000\",\"end\":\"2024-10-04 00:38:47+0000\"}]"
2026-08-03,89,177,8,2026-08-02 20:39:00+0000,2026-08-03 02:13:00+0000,60,"[{\"start\":\"2024-10-04 00:38:25+0000\",\"end\":\"2024-10-04 00:38:38+0000\"},{\"start\":\"2024-10-04 00:38:39+0000\",\"end\":\"2024-10-04 00:38:49+0000\"},{\"start\":\"2024-10-04 00:38:50+0000\",\"end\":\"2024-10-04 00:38:52+0000\"},{\"start\":\"2024-10-04 00:38:53+0000\",\"end\":\"2024-10-04 00:38:54+0000\"},{\"start\":\"2024-10-04 00:38:55+0000\",\"end\":\"2024-10-04 00:39:07+0000\"},{\"start\":\"2024-10-04 00:39:08+0000\",\"end\":\"2024-10-04 00:39:18+0000\"},{\"start\":\"2024-10-04 00:39:19+0000\",\"end\":\"2024-10-04 00:39:21+0000\"},{\"start\":\"2024-10-04 00:39:22+0000\",\"end\":\"2024-10-04 00:39:50+0000\"},{\"start\":\"2024-10-04 00:39:51+0000\",\"end\":\"2024-10-04 00:39:53+0000\"},{\"start\":\"2024-10-04 00:39:54+0000\",\"end\":\"2024-10-04 00:39:55+0000\"},{\"start\":\"2024-10-04 00:39:56+0000\",\"end\":\"2024-10-04 00:40:32+0000\"},{\"start\":\"2024-10-04 00:40:33+0000\",\"end\":\"2024-10-04 00:40:33+0000\"},{\"start\":\"2024-10-04 00:40:34+0000\",\"end\":\"2024-10-04 00:40:41+0000\"},{\"start\":\"2024-10-04 00:40:42+0000\",\"end\":\"2024-10-04 00:40:42+0000\"},{\"start\":\"2024-10-04 00:40:43+0000\",\"end\":\"2024-10-04 00:40:43+0000\"}]"
2026-08-04,27,95,23,2026-08-04 06:08:00+0000,2026-08-04 09:07:00+0000,34,"[{\"start\":\"2024-10-04 00:29:10+0000\",\"end\":\"2024-10-04 00:29:14+0000\"},{\"start\":\"2024-10-04 00:29:15+0000\",\"end\":\"2024-10-04 00:29:19+0000\"},{\"start\":\"2024-10-04 00:29:20+0000\",\"end\":\"2024-10-04 00:29:25+0000\"},{\"start\":\"2024-10-04 00:29:26+0000\",\"end\":\"2024-10-04 00:29:27+0000\"},{\"start\":\"2024-10-04 00:29:28+0000\",\"end\":\"2024-10-04 00:29:53+0000\"},{\"start\":\"2024-10-04 00:29:54+0000\",\"end\":\"2024-10-04 00:29:57+0000\"},{\"start\":\"2024-10-04 00:29:58+0000\",\"end\":\"2024-10-04 00:30:02+0000\"},{\"start\":\"2024-10-04 00:31:13+0000\",\"end\":\"2024-10-04 00:31:35+0000\"},{\"start\":\"2024-10-04 00:41:22+0000\",\"end\":\"2024-10-04 00:41:54+0000\"}]"
2026-08-05,91,387,5,2026-08-04 17:12:00+0000,2026-08-05 03:25:00+0000,130,"[{\"start\":\"2024-10-04 00:39:52+0000\",\"end\":\"2024-10-04 00:39:58+0000\"},{\"start\":\"2024-10-04 00:39:59+0000\",\"end\":\"2024-10-04 00:39:59+0000\"},{\"start\":\"2024-10-04 00:40:00+0000\",\"end\":\"2024-10-04 00:40:17+0000\"},{\"start\":\"2024-10-04 00:40:18+0000\",\"end\":\"2024-10-04 00:40:28+0000\"},{\"start\":\"2024-10-04 00:40:29+0000\",\"end\":\"2024-10-04 00:40:33+0000\"},{\"start\":\"2024-10-04 00:40:34+0000\",\"end\":\"2024-10-04 00:40:54+0000\"},{\"start\":\"2024-10-04 00:40:55+0000\",\"end\":\"2024-10-04 00:40:59+0000\"},{\"start\":\"2024-10-04 00:41:00+0000\",\"end\":\"2024-10-04 00:41:14+0000\"},{\"start\":\"2024-10-04 00:41:15+0000\",\"end\":\"2024-10-04 00:41:56+0000\"},{\"start\":\"2024-10-04 00:41:57+0000\",\"end\":\"2024-10-04 00:42:00+0000\"},{\"start\":\"2024-10-04 00:42:01+0000\",\"end\":\"2024-10-04 00:42:03+0000\"},{\"start\":\"2024-10-04 00:42:04+0000\",\"end\":\"2024-10-04 00:42:05+0000\"},{\"start\":\"2024-10-04 00:42:06+0000\",\"end\":\"2024-10-04 00:42:21+0000\"},{\"start\":\"2024-10-04 00:42:22+0000\",\"end\":\"2024-10-04 00:42:22+0000\"},{\"start\":\"2024-10-04 00:42:23+0000\",\"end\":\"2024-10-04 00:42:23+0000\"},{\"start\":\"2024-10-04 00:42:24+0000\",\"end\":\"2024-10-04 00:42:24+0000\"},{\"start\":\"2024-10-04 00:42:25+0000\",\"end\":\"2024-10-04 00:42:25+0000\"}]"
2026-08-06,71,196,5,2026-08-05 18:51:00+0000,2026-08-06 00:35:00+0000,72,"[{\"start\":\"2024-10-04 00:39:49+0000\",\"end\":\"2024-10-04 00:40:08+0000\"},{\"start\":\"2024-10-04 00:40:09+0000\",\"end\":\"2024-10-04 00:40:15+0000\"},{\"start\":\"2024-10-04 00:40:16+0000\",\"end\":\"2024-10-04 00:40:27+0000\"},{\"start\":\"2024-10-04 00:40:28+0000\",\"end\":\"2024-10-04 00:40:35+0000\"},{\"start\":\"2024-10-04 00:40:36+0000\",\"end\":\"2024-10-04 00:40:47+0000\"},{\"start\":\"2024-10-04 00:40:48+0000\",\"end\":\"2024-10-04 00:40:59+0000\"},{\"start\":\"2024-10-04 00:41:00+0000\",\"end\":\"2024-10-04 00:41:04+0000\"}]"
2026-08-07,68,242,5,2026-08-06 18:18:00+0000,2026-08-07 01:14:00+0000,101,
2026-08-08,53,161,6,2026-08-07 19:05:00+0000,2026-08-07 23:49:00+0000,64,"[{\"start\":\"2024-10-04 00:39:05+0000\",\"end\":\"2024-10-04 00:39:18+0000\"},{\"start\":\"2024-10-04 00:39:19+0000\",\"end\":\"2024-10-04 00:39:22+0000\"},{\"start\":\"2024-10-04 00:39:23+0000\",\"end\":\"2024-10-04 00:39:25+0000\"},{\"start\":\"2024-10-04 00:39:26+0000\",\"end\":\"2024-10-04 00:39:26+0000\"},{\"start\":\"2024-10-04 00:39:27+0000\",\"end\":\"2024-10-04 00:39:30+0000\"},{\"start\":\"2024-10-04 00:39:31+0000\",\"end\":\"2024-10-04 00:40:07+0000\"},{\"start\":\"2024-10-04 00:40:08+0000\",\"end\":\"2024-10-04 00:40:15+0000\"},{\"start\":\"2024-10-04 00:40:16+0000\",\"end\":\"2024-10-04 00:40:34+0000\"},{\"start\":\"2024-10-04 00:40:35+0000\",\"end\":\"2024-10-04 00:40:51+0000\"},{\"start\":\"2024-10-04 00:40:52+0000\",\"end\":\"2024-10-04 00:40:52+0000\"},{\"start\":\"2024-10-04 00:40:53+0000\",\"end\":\"2024-10-04 00:40:55+0000\"},{\"start\":\"2024-10-04 00:40:56+0000\",\"end\":\"2024-10-04 00:40:56+0000\"},{\"start\":\"2024-10-04 00:40:57+0000\",\"end\":\"2024-10-04 00:41:15+0000\"}]"
2026-08-09,70,237,5,2026-08-08 20:36:00+0000,2026-08-09 02:56:00+0000,68,"[{\"start\":\"2024-10-04 00:36:19+0000\",\"end\":\"2024-10-04 00:36:37+0000\"},{\"start\":\"2024-10-04 00:36:38+0000\",\"end\":\"2024-10-04 00:36:47+0000\"},{\"start\":\"2024-10-04 00:36:48+0000\",\"end\":\"2024-10-04 00:36:55+0000\"},{\"start\":\"2024-10-04 00:36:56+0000\",\"end\":\"2024-10-04 00:37:00+0000\"},{\"start\":\"2024-10-04 00:37:01+0000\",\"end\":\"2024-10-04 00:37:05+0000\"},{\"start\":\"2024-10-04 00:37:06+0000\",\"end\":\"2024-10-04 00:37:33+0000\"},{\"start\":\"2024-10-04 00:37:34+0000\",\"end\":\"2024-10-04 00:37:38+0000\"}]"
2026-08-10,46,167,9,2026-08-09 20:31:00+0000,2026-08-10 01:33:00+0000,80,"[{\"start\":\"2024-10-04 00:38:42+0000\",\"end\":\"2024-10-04 00:38:47+0000\"},{\"start\":\"2024-10-04 00:38:48+0000\",\"end\":\"2024-10-04 00:39:25+0000\"},{\"start\":\"2024-10-04 00:39:26+0000\",\"end\":\"2024-10-04 00:39:28+0000\"},{\"start\":\"2024-10-04 00:39:29+0000\",\"end\":\"2024-10-04 00:39:29+0000\"},{\"start\":\"2024-10-04 00:39:30+0000\",\"end\":\"2024-10-04 00:39:42+0000\"},{\"start\":\"2024-10-04 00:39:43+0000\",\"end\":\"2024-10-04 00:39:55+0000\"},{\"start\":\"2024-10-04 00:39:56+0000\",\"end\":\"2024-10-04 00:40:12+0000\"}]"
2026-08-11,65,213,8,2026-08-10 19:38:00+0000,2026-08-11 01:47:00+0000,83,"[{\"start\":\"2024-10-04 00:39:29+0000\",\"end\":\"2024-10-04 00:39:36+0000\"},{\"start\":\"2024-10-04 00:39:37+0000\",\"end\":\"2024-10-04 00:40:04+0000\"},{\"start\":\"2024-10-04 00:40:05+0000\",\"end\":\"2024-10-04 00:40:40+0000\"},{\"start\":\"2024-10-04 00:40:41+0000\",\"end\":\"2024-10-04 00:41:13+0000\"},{\"start\":\"2024-10-04 00:41:14+0000\",\"end\":\"2024-10-04 00:41:54+0000\"},{\"start\":\"2024-10-04 00:41:55+0000\",\"end\":\"2024-10-04 00:41:59+0000\"},{\"start\":\"2024-10-04 00:42:00+0000\",\"end\":\"2024-10-04 00:42:19+0000\"}]"
2026-08-12,72,213,8,2026-08-11 20:15:00+0000,2026-08-12 02:20:00+0000,72,"[{\"start\":\"2024-10-04 00:41:02+0000\",\"end\":\"2024-10-04 00:41:19+0000\"}]"
2026-08-13,71,259,13,2026-08-12 18:40:00+0000,2026-08-13 01:34:00+0000,71,"[{\"start\":\"2024-10-04 00:38:46+0000\",\"end\":\"2024-10-04 00:39:00+0000\"},{\"start\":\"2024-10-04 00:39:01+0000\",\"end\":\"2024-10-04 00:39:20+0000\"},{\"start\":\"2024-10-04 00:39:21+0000\",\"end\":\"2024-10-04 00:39:23+0000\"},{\"start\":\"2024-10-04 00:39:24+0000\",\"end\":\"2024-10-04 00:39:25+0000\"},{\"start\":\"2024-10-04 00:39:26+0000\",\"end\":\"2024-10-04 00:39:40+0000\"},{\"start\":\"2024-10-04 00:39:41+0000\",\"end\":\"2024-10-04 00:40:11+0000\"},{\"start\":\"2024-10-04 00:40:12+0000\",\"end\":\"2024-10-04 00:40:55+0000\"},{\"start\":\"2024-10-04 00:40:56+0000\",\"end\":\"2024-10-04 00:41:11+0000\"},{\"start\":\"2024-10-04 00:41:12+0000\",\"end\":\"2024-10-04 00:41:36+0000\"},{\"start\":\"2024-10-04 00:41:37+0000\",\"end\":\"2024-10-04 00:41:45+0000\"},{\"start\":\"2024-10-04 00:41:46+0000\",\"end\":\"2024-10-04 00:41:50+0000\"}]"
2026-08-14,42,209,5,2026-08-13 19:28:00+0000,2026-08-14 01:31:00+0000,107,
2026-08-15,60,417,38,2026-08-14 18:27:00+0000,2026-08-15 04:38:00+0000,96,"[{\"start\":\"2024-10-04 00:37:56+0000\",\"end\":\"2024-10-04 00:38:15+0000\"},{\"start\":\"2024-10-04 00:38:16+0000\",\"end\":\"2024-10-04 00:38:47+0000\"},{\"start\":\"2024-10-04 00:38:48+0000\",\"end\":\"2024-10-04 00:39:03+0000\"},{\"start\":\"2024-10-04 00:39:04+0000\",\"end\":\"2024-10-04 00:39:32+0000\"},{\"start\":\"2024-10-04 00:39:33+0000\",\"end\":\"2024-10-04 00:40:03+0000\"},{\"start\":\"2024-10-04 00:40:04+0000\",\"end\":\"2024-10-04 00:40:10+0000\"},{\"start\":\"2024-10-04 00:40:11+0000\",\"end\":\"2024-10-04 00:40:13+0000\"},{\"start\":\"2024-10-04 00:40:14+0000\",\"end\":\"2024-10-04 00:40:14+0000\"},{\"start\":\"2024-10-04 00:40:15+0000\",\"end\":\"2024-10-04 00:40:48+0000\"},{\"start\":\"2024-10-04 00:40:49+0000\",\"end\":\"2024-10-04 00:41:05+0000\"},{\"start\":\"2024-10-04 00:41:06+0000\",\"end\":\"2024-10-04 00:41:23+0000\"},{\"start\":\"2024-10-04 00:41:24+0000\",\"end\":\"2024-10-04 00:41:36+0000\"},{\"start\":\"2024-10-04 00:41:37+0000\",\"end\":\"2024-10-04 00:41:50+0000\"}]"
2026-08-16,41,218,10,2026-08-15 22:31:00+0000,2026-08-16 04:34:00+0000,94,
2026-08-17,83,231,2,2026-08-16 19:14:00+0000,2026-08-17 01:54:00+0000,84,"[{\"start\":\"2024-10-04 00:38:06+0000\",\"end\":\"2024-10-04 00:38:15+0000\"},{\"start\":\"2024-10-04 00:38:16+0000\",\"end\":\"2024-10-04 00:38:33+0000\"},{\"start\":\"2024-10-04 00:38:34+0000\",\"end\":\"2024-10-04 00:38:36+0000\"},{\"start\":\"2024-10-04 00:38:37+0000\",\"end\":\"2024-10-04 00:38:37+0000\"},{\"start\":\"2024-10-04 00:38:38+0000\",\"end\":\"2024-10-04 00:38:47+0000\"},{\"start\":\"2024-10-04 00:38:48+0000\",\"end\":\"2024-10-04 00:39:11+0000\"},{\"start\":\"2024-10-04 00:39:12+0000\",\"end\":\"2024-10-04 00:39:16+0000\"},{\"start\":\"2024-10-04 00:39:17+0000\",\"end\":\"2024-10-04 00:39:34+0000\"},{\"start\":\"2024-10-04 00:39:35+0000\",\"end\":\"2024-10-04 00:39:46+0000\"},{\"start\":\"2024-10-04 00:39:47+0000\",\"end\":\"2024-10-04 00:39:53+0000\"},{\"start\":\"2024-10-04 00:39:54+0000\",\"end\":\"2024-10-04 00:40:03+0000\"},{\"start\":\"2024-10-04 00:40:04+0000\",\"end\":\"2024-10-04 00:40:04+0000\"},{\"start\":\"2024-10-04 00:40:05+0000\",\"end\":\"2024-10-04 00:40:32+0000\"}]"
2026-08-18,31,215,15,2026-08-17 20:10:00+0000,2026-08-18 01:27:00+0000,56,"[{\"start\":\"2024-10-04 00:39:11+0000\",\"end\":\"2024-10-04 00:39:24+0000\"},{\"start\":\"2024-10-04 00:39:25+0000\",\"end\":\"2024-10-04 00:39:36+0000\"},{\"start\":\"2024-10-04 00:39:37+0000\",\"end\":\"2024-10-04 00:39:42+0000\"},{\"start\":\"2024-10-04 00:39:43+0000\",\"end\":\"2024-10-04 00:39:44+0000\"},{\"start\":\"2024-10-04 00:39:45+0000\",\"end\":\"2024-10-04 00:39:47+0000\"},{\"start\":\"2024-10-04 00:39:48+0000\",\"end\":\"2024-10-04 00:39:48+0000\"},{\"start\":\"2024-10-04 00:39:49+0000\",\"end\":\"2024-10-04 00:39:53+0000\"},{\"start\":\"2024-10-04 00:39:54+0000\",\"end\":\"2024-10-04 00:40:12+0000\"},{\"start\":\"2024-10-04 00:40:13+0000\",\"end\":\"2024-10-04 00:40:15+0000\"},{\"start\":\"2024-10-04 00:40:16+0000\",\"end\":\"2024-10-04 00:40:16+0000\"},{\"start\":\"2024-10-04 00:40:17+0000\",\"end\":\"2024-10-04 00:40:31+0000\"},{\"start\":\"2024-10-04 00:40:32+0000\",\"end\":\"2024-10-04 00:40:53+0000\"},{\"start\":\"2024-10-04 00:40:54+0000\",\"end\":\"2024-10-04 00:41:14+0000\"}]"
2026-08-19,84,251,12,2026-08-18 18:58:00+0000,2026-08-19 01:51:00+0000,66,
2026-08-20,33,257,13,2026-08-19 17:59:00+0000,2026-08-20 01:01:00+0000,119,"[{\"start\":\"2024-10-04 00:39:26+0000\",\"end\":\"2024-10-04 00:39:35+0000\"},{\"start\":\"2024-10-04 00:39:36+0000\",\"end\":\"2024-10-04 00:39:48+0000\"},{\"start\":\"2024-10-04 00:39:49+0000\",\"end\":\"2024-10-04 00:40:30+0000\"}]"
2026-08-21,51,165,4,2026-08-20 20:03:00+0000,2026-08-21 01:19:00+0000,96,"[{\"start\":\"2024-10-04 00:39:24+0000\",\"end\":\"2024-10-04 00:39:35+0000\"},{\"start\":\"2024-10-04 00:39:36+0000\",\"end\":\"2024-10-04 00:39:38+0000\"},{\"start\":\"2024-10-04 00:39:39+0000\",\"end\":\"2024-10-04 00:39:49+0000\"},{\"start\":\"2024-10-04 00:39:50+0000\",\"end\":\"2024-10-04 00:40:06+0000\"},{\"start\":\"2024-10-04 00:40:07+0000\",\"end\":\"2024-10-04 00:40:16+0000\"},{\"start\":\"2024-10-04 00:40:17+0000\",\"end\":\"2024-10-04 00:40:44+0000\"},{\"start\":\"2024-10-04 00:40:45+0000\",\"end\":\"2024-10-04 00:41:16+0000\"}]"
2026-08-22,70,227,10,2026-08-21 20:49:00+0000,2026-08-22 03:19:00+0000,83,
2026-08-23,79,314,23,2026-08-22 19:18:00+0000,2026-08-23 04:18:00+0000,124,"[{\"start\":\"2024-10-04 00:39:14+0000\",\"end\":\"2024-10-04 00:39:31+0000\"}]"
2026-08-24,54,180,11,2026-08-23 21:13:00+0000,2026-08-24 02:46:00+0000,88,"[{\"start\":\"2024-10-04 00:38:50+0000\",\"end\":\"2024-10-04 00:39:04+0000\"},{\"start\":\"2024-10-04 00:39:05+0000\",\"end\":\"2024-10-04 00:39:08+0000\"},{\"start\":\"2024-10-04 00:39:09+0000\",\"end\":\"2024-10-04 00:39:29+0000\"},{\"start\":\"2024-10-04 00:39:30+0000\",\"end\":\"2024-10-04 00:39:36+0000\"},{\"start\":\"2024-10-04 00:39:37+0000\",\"end\":\"2024-10-04 00:39:41+0000\"},{\"start\":\"2024-10-04 00:39:42+0000\",\"end\":\"2024-10-04 00:39:53+0000\"},{\"start\":\"2024-10-04 00:39:54+0000\",\"end\":\"2024-10-04 00:40:00+0000\"},{\"start\":\"2024-10-04 00:40:01+0000\",\"end\":\"2024-10-04 00:40:06+0000\"},{\"start\":\"2024-10-04 00:40:07+0000\",\"end\":\"2024-10-04 00:40:10+0000\"},{\"start\":\"2024-10-04 00:40:11+0000\",\"end\":\"2024-10-04 00:40:49+0000\"},{\"start\":\"2024-10-04 00:40:50+0000\",\"end\":\"2024-10-04 00:41:33+0000\"}]"
2026-08-25,86,184,14,2026-08-24 17:51:00+0000,2026-08-24 23:39:00+0000,64,"[{\"start\":\"2024-10-04 00:39:40+0000\",\"end\":\"2024-10-04 00:39:50+0000\"},{\"start\":\"2024-10-04 00:39:51+0000\",\"end\":\"2024-10-04 00:40:23+0000\"},{\"start\":\"2024-10-04 00:40:24+0000\",\"end\":\"2024-10-04 00:40:43+0000\"}]"
2026-08-26,46,297,14,2026-08-25 20:42:00+0000,2026-08-26 04:51:00+0000,132,
2026-08-27,44,212,8,2026-08-26 19:43:00+0000,2026-08-27 01:24:00+0000,77,"[{\"start\":\"2024-10-04 00:40:04+0000\",\"end\":\"2024-10-04 00:40:12+0000\"},{\"start\":\"2024-10-04 00:40:13+0000\",\"end\":\"2024-10-04 00:40:13+0000\"},{\"start\":\"2024-10-04 00:40:14+0000\",\"end\":\"2024-10-04 00:40:39+0000\"},{\"start\":\"2024-10-04 00:40:40+0000\",\"end\":\"2024-10-04 00:40:49+0000\"},{\"start\":\"2024-10-04 00:40:50+0000\",\"end\":\"2024-10-04 00:40:52+0000\"},{\"start\":\"2024-10-04 00:40:53+0000\",\"end\":\"2024-10-04 00:40:53+0000\"},{\"start\":\"2024-10-04 00:40:54+0000\",\"end\":\"2024-10-04 00:41:02+0000\"}]"
2026-08-28,66,310,21,2026-08-27 21:15:00+0000,2026-08-28 05:38:00+0000,106,"[{\"start\":\"2024-10-04 00:42:49+0000\",\"end\":\"2024-10-04 00:43:04+0000\"},{\"start\":\"2024-10-04 00:43:05+0000\",\"end\":\"2024-10-04 00:43:25+0000\"},{\"start\":\"2024-10-04 00:43:26+0000\",\"end\":\"2024-10-04 00:43:35+0000\"},{\"start\":\"2024-10-04 00:43:36+0000\",\"end\":\"2024-10-04 00:43:56+0000\"},{\"start\":\"2024-10-04 00:43:57+0000\",\"end\":\"2024-10-04 00:44:13+0000\"}]"
2026-08-29,49,317,10,2026-08-28 21:05:00+0000,2026-08-29 05:23:00+0000,122,
2026-08-30,106,198,7,2026-08-29 18:52:00+0000,2026-08-30 01:08:00+0000,65,"[{\"start\":\"2024-10-04 00:36:50+0000\",\"end\":\"2024-10-04 00:37:03+0000\"},{\"start\":\"2024-10-04 00:37:04+0000\",\"end\":\"2024-10-04 00:37:04+0000\"},{\"start\":\"2024-10-04 00:37:05+0000\",\"end\":\"2024-10-04 00:37:19+0000\"},{\"start\":\"2024-10-04 00:37:20+0000\",\"end\":\"2024-10-04 00:37:22+0000\"},{\"start\":\"2024-10-04 00:37:23+0000\",\"end\":\"2024-10-04 00:37:30+0000\"},{\"start\":\"2024-10-04 00:37:31+0000\",\"end\":\"2024-10-04 00:37:37+0000\"},{\"start\":\"2024-10-04 00:37:38+0000\",\"end\":\"2024-10-04 00:37:39+0000\"},{\"start\":\"2024-10-04 00:37:40+0000\",\"end\":\"2024-10-04 00:37:44+0000\"}]"
2026-08-31,69,222,12,2026-08-30 19:53:00+0000,2026-08-31 02:09:00+0000,73,"[{\"start\":\"2024-10-04 00:39:17+0000\",\"end\":\"2024-10-04 00:39:28+0000\"},{\"start\":\"2024-10-04 00:39:29+0000\",\"end\":\"2024-10-04 00:39:42+0000\"},{\"start\":\"2024-10-04 00:39:43+0000\",\"end\":\"2024-10-04 00:39:47+0000\"}]"
2026-09-01,40,152,8,2026-08-31 21:28:00+0000,2026-09-01 01:53:00+0000,65,"[{\"start\":\"2024-10-04 00:37:58+0000\",\"end\":\"2024-10-04 00:38:08+0000\"},{\"start\":\"2024-10-04 00:38:09+0000\",\"end\":\"2024-10-04 00:38:33+0000\"},{\"start\":\"2024-10-04 00:38:34+0000\",\"end\":\"2024-10-04 00:38:42+0000\"},{\"start\":\"2024-10-04 00:38:43+0000\",\"end\":\"2024-10-04 00:39:12+0000\"},{\"start\":\"2024-10-04 00:39:13+0000\",\"end\":\"2024-10-04 00:39:42+0000\"},{\"start\":\"2024-10-04 00:39:43+0000\",\"end\":\"2024-10-04 00:39:51+0000\"},{\"start\":\"2024-10-04 00:39:52+0000\",\"end\":\"2024-10-04 00:39:54+0000\"},{\"start\":\"2024-10-04 00:39:55+0000\",\"end\":\"2024-10-04 00:39:57+0000\"},{\"start\":\"2024-10-04 00:39:58+0000\",\"end\":\"2024-10-04 00:40:30+0000\"}]"
2026-09-02,56,170,12,2026-09-01 20:44:00+0000,2026-09-02 01:54:00+0000,72,"[{\"start\":\"2024-10-04 00:37:40+0000\",\"end\":\"2024-10-04 00:37:53+0000\"},{\"start\":\"2024-10-04 00:37:54+0000\",\"end\":\"2024-10-04 00:38:05+0000\"},{\"start\":\"2024-10-04 00:38:06+0000\",\"end\":\"2024-10-04 00:38:09+0000\"},{\"start\":\"2024-10-04 00:38:10+0000\",\"end\":\"2024-10-04 00:38:16+0000\"},{\"start\":\"2024-10-04 00:38:17+0000\",\"end\":\"2024-10-04 00:38:20+0000\"},{\"start\":\"2024-10-04 00:38:21+0000\",\"end\":\"2024-10-04 00:38:28+0000\"},{\"start\":\"2024-10-04 00:38:29+0000\",\"end\":\"2024-10-04 00:38:34+0000\"},{\"start\":\"2024-10-04 00:38:35+0000\",\"end\":\"2024-10-04 00:39:05+0000\"},{\"start\":\"2024-10-04 00:39:06+0000\",\"end\":\"2024-10-04 00:40:11+0000\"}]"
2026-09-03,56,139,5,2026-09-02 19:28:00+0000,2026-09-03 00:18:00+0000,90,"[{\"start\":\"2024-10-04 00:39:09+0000\",\"end\":\"2024-10-04 00:39:17+0000\"},{\"start\":\"2024-10-04 00:39:18+0000\",\"end\":\"2024-10-04 00:39:57+0000\"},{\"start\":\"2024-10-04 00:39:58+0000\",\"end\":\"2024-10-04 00:40:08+0000\"},{\"start\":\"2024-10-04 00:40:09+0000\",\"end\":\"2024-10-04 00:40:40+0000\"},{\"start\":\"2024-10-04 00:40:41+0000\",\"end\":\"2024-10-04 00:41:49+0000\"},{\"start\":\"2024-10-04 00:41:50+0000\",\"end\":\"2024-10-04 00:42:11+0000\"},{\"start\":\"2024-10-04 00:42:12+0000\",\"end\":\"2024-10-04 00:42:45+0000\"},{\"start\":\"2024-10-04 00:42:46+0000\",\"end\":\"2024-10-04 00:42:47+0000\"},{\"start\":\"2024-10-04 00:42:48+0000\",\"end\":\"2024-10-04 00:42:49+0000\"}]"
2026-09-04,75,291,139,2026-09-03 21:26:00+0000,2026-09-04 07:25:00+0000,94,
2026-09-05,68,234,7,2026-09-04 21:35:00+0000,2026-09-05 03:55:00+0000,71,"[{\"start\":\"2024-10-04 00:41:15+0000\",\"end\":\"2024-10-04 00:41:31+0000\"},{\"start\":\"2024-10-04 00:41:32+0000\",\"end\":\"2024-10-04 00:41:33+0000\"},{\"start\":\"2024-10-04 00:41:34+0000\",\"end\":\"2024-10-04 00:41:37+0000\"},{\"start\":\"2024-10-04 00:41:38+0000\",\"end\":\"2024-10-04 00:41:46+0000\"},{\"start\":\"2024-10-04 00:41:47+0000\",\"end\":\"2024-10-04 00:41:56+0000\"},{\"start\":\"2024-10-04 00:41:57+0000\",\"end\":\"2024-10-04 00:42:11+0000\"},{\"start\":\"2024-10-04 00:42:12+0000\",\"end\":\"2024-10-04 00:42:16+0000\"}]"
2026-09-06,70,154,5,2026-09-05 19:09:00+0000,2026-09-06 00:02:00+0000,64,"[{\"start\":\"2024-10-04 00:36:00+0000\",\"end\":\"2024-10-04 00:36:18+0000\"},{\"start\":\"2024-10-04 00:36:19+0000\",\"end\":\"2024-10-04 00:36:29+0000\"},{\"start\":\"2024-10-04 00:36:30+0000\",\"end\":\"2024-10-04 00:36:33+0000\"},{\"start\":\"2024-10-04 00:36:34+0000\",\"end\":\"2024-10-04 00:36:43+0000\"},{\"start\":\"2024-10-04 00:36:44+0000\",\"end\":\"2024-10-04 00:36:46+0000\"},{\"start\":\"2024-10-04 00:36:47+0000\",\"end\":\"2024-10-04 00:36:49+0000\"},{\"start\":\"2024-10-04 00:36:50+0000\",\"end\":\"2024-10-04 00:36:50+0000\"},{\"start\":\"2024-10-04 00:36:51+0000\",\"end\":\"2024-10-04 00:37:54+0000\"},{\"start\":\"2024-10-04 00:37:55+0000\",\"end\":\"2024-10-04 00:38:22+0000\"},{\"start\":\"2024-10-04 00:38:23+0000\",\"end\":\"2024-10-04 00:38:25+0000\"},{\"start\":\"2024-10-04 00:38:26+0000\",\"end\":\"2024-10-04 00:38:26+0000\"},{\"start\":\"2024-10-04 00:38:27+0000\",\"end\":\"2024-10-04 00:38:45+0000\"}]"
2026-09-07,50,197,14,2026-09-06 20:21:00+0000,2026-09-07 01:27:00+0000,45,"[{\"start\":\"2024-10-04 00:39:02+0000\",\"end\":\"2024-10-04 00:39:19+0000\"},{\"start\":\"2024-10-04 00:39:20+0000\",\"end\":\"2024-10-04 00:39:32+0000\"},{\"start\":\"2024-10-04 00:39:33+0000\",\"end\":\"2024-10-04 00:39:38+0000\"},{\"start\":\"2024-10-04 00:39:39+0000\",\"end\":\"2024-10-04 00:39:50+0000\"},{\"start\":\"2024-10-04 00:39:51+0000\",\"end\":\"2024-10-04 00:39:54+0000\"},{\"start\":\"2024-10-04 00:39:55+0000\",\"end\":\"2024-10-04 00:40:29+0000\"},{\"start\":\"2024-10-04 00:40:30+0000\",\"end\":\"2024-10-04 00:40:56+0000\"},{\"start\":\"2024-10-04 00:40:57+0000\",\"end\":\"2024-10-04 00:41:02+0000\"},{\"start\":\"2024-10-04 00:41:03+0000\",\"end\":\"2024-10-04 00:41:05+0000\"},{\"start\":\"2024-10-04 00:41:06+0000\",\"end\":\"2024-10-04 00:41:06+0000\"},{\"start\":\"2024-10-04 00:41:07+0000\",\"end\":\"2024-10-04 00:41:16+0000\"}]"
2026-09-08,59,188,31,2026-09-07 17:27:00+0000,2026-09-07 23:30:00+0000,85,"[{\"start\":\"2024-10-04 00:39:02+0000\",\"end\":\"2024-10-04 00:39:31+0000\"},{\"start\":\"2024-10-04 00:39:32+0000\",\"end\":\"2024-10-04 00:39:41+0000\"},{\"start\":\"2024-10-04 00:39:42+0000\",\"end\":\"2024-10-04 00:39:51+0000\"},{\"start\":\"2024-10-04 00:39:52+0000\",\"end\":\"2024-10-04 00:40:11+0000\"},{\"start\":\"2024-10-04 00:40:12+0000\",\"end\":\"2024-10-04 00:40:14+0000\"},{\"start\":\"2024-10-04 00:40:15+0000\",\"end\":\"2024-10-04 00:40:15+0000\"},{\"start\":\"2024-10-04 00:40:16+0000\",\"end\":\"2024-10-04 00:40:28+0000\"}]"
2026-09-09,56,137,5,2026-09-08 21:29:00+0000,2026-09-09 01:31:00+0000,44,"[{\"start\":\"2024-10-04 00:40:40+0000\",\"end\":\"2024-10-04 00:40:51+0000\"},{\"start\":\"2024-10-04 00:40:52+0000\",\"end\":\"2024-10-04 00:41:19+0000\"},{\"start\":\"2024-10-04 00:41:20+0000\",\"end\":\"2024-10-04 00:41:27+0000\"},{\"start\":\"2024-10-04 00:41:28+0000\",\"end\":\"2024-10-04 00:41:36+0000\"},{\"start\":\"2024-10-04 00:41:37+0000\",\"end\":\"2024-10-04 00:41:44+0000\"},{\"start\":\"2024-10-04 00:41:45+0000\",\"end\":\"2024-10-04 00:41:47+0000\"},{\"start\":\"2024-10-04 00:41:48+0000\",\"end\":\"2024-10-04 00:42:22+0000\"},{\"start\":\"2024-10-04 00:42:23+0000\",\"end\":\"2024-10-04 00:42:40+0000\"},{\"start\":\"2024-10-04 00:42:41+0000\",\"end\":\"2024-10-04 00:42:45+0000\"}]"
2026-09-10,75,286,11,2026-09-09 21:17:00+0000,2026-09-10 05:15:00+0000,106,"[{\"start\":\"2024-10-04 00:38:09+0000\",\"end\":\"2024-10-04 00:38:13+0000\"},{\"start\":\"2024-10-04 00:38:14+0000\",\"end\":\"2024-10-04 00:38:37+0000\"},{\"start\":\"2024-10-04 00:38:38+0000\",\"end\":\"2024-10-04 00:38:40+0000\"},{\"start\":\"2024-10-04 00:38:41+0000\",\"end\":\"2024-10-04 00:38:43+0000\"},{\"start\":\"2024-10-04 00:38:44+0000\",\"end\":\"2024-10-04 00:38:46+0000\"}]"
2026-09-11,66,127,2,2026-09-10 21:17:00+0000,2026-09-11 01:28:00+0000,56,"[{\"start\":\"2024-10-04 00:41:35+0000\",\"end\":\"2024-10-04 00:41:49+0000\"},{\"start\":\"2024-10-04 00:41:50+0000\",\"end\":\"2024-10-04 00:42:12+0000\"},{\"start\":\"2024-10-04 00:42:13+0000\",\"end\":\"2024-10-04 00:42:24+0000\"},{\"start\":\"2024-10-04 00:42:25+0000\",\"end\":\"2024-10-04 00:42:33+0000\"},{\"start\":\"2024-10-04 00:42:34+0000\",\"end\":\"2024-10-04 00:42:35+0000\"},{\"start\":\"2024-10-04 00:42:36+0000\",\"end\":\"2024-10-04 00:43:02+0000\"},{\"start\":\"2024-10-04 00:43:03+0000\",\"end\":\"2024-10-04 00:43:30+0000\"}]"
2026-09-12,65,133,12,2026-09-11 19:46:00+0000,2026-09-11 23:50:00+0000,34,"[{\"start\":\"2024-10-04 00:31:15+0000\",\"end\":\"2024-10-04 00:31:25+0000\"},{\"start\":\"2024-10-04 00:31:26+0000\",\"end\":\"2024-10-04 00:31:39+0000\"},{\"start\":\"2024-10-04 00:31:40+0000\",\"end\":\"2024-10-04 00:31:47+0000\"},{\"start\":\"2024-10-04 00:40:06+0000\",\"end\":\"2024-10-04 00:40:14+0000\"},{\"start\":\"2024-10-04 00:40:15+0000\",\"end\":\"2024-10-04 00:40:28+0000\"},{\"start\":\"2024-10-04 00:40:29+0000\",\"end\":\"2024-10-04 00:40:48+0000\"},{\"start\":\"2024-10-04 00:40:49+0000\",\"end\":\"2024-10-04 00:40:54+0000\"},{\"start\":\"2024-10-04 00:40:55+0000\",\"end\":\"2024-10-04 00:41:00+0000\"},{\"start\":\"2024-10-04 00:41:01+0000\",\"end\":\"2024-10-04 00:41:22+0000\"},{\"start\":\"2024-10-04 00:41:23+0000\",\"end\":\"2024-10-04 00:41:45+0000\"}]"
2026-09-13,67,112,6,2026-09-12 21:09:00+0000,2026-09-13 01:16:00+0000,62,"[{\"start\":\"2024-10-04 00:39:35+0000\",\"end\":\"2024-10-04 00:39:47+0000\"},{\"start\":\"2024-10-04 00:39:48+0000\",\"end\":\"2024-10-04 00:39:53+0000\"},{\"start\":\"2024-10-04 00:39:54+0000\",\"end\":\"2024-10-04 00:40:12+0000\"},{\"start\":\"2024-10-04 00:40:13+0000\",\"end\":\"2024-10-04 00:40:37+0000\"},{\"start\":\"2024-10-04 00:40:38+0000\",\"end\":\"2024-10-04 00:40:49+0000\"},{\"start\":\"2024-10-04 00:40:50+0000\",\"end\":\"2024-10-04 00:41:09+0000\"},{\"start\":\"2024-10-04 00:41:10+0000\",\"end\":\"2024-10-04 00:41:21+0000\"}]"
2026-09-14,75,253,9,2026-09-13 22:13:00+0000,2026-09-14 05:24:00+0000,94,"[{\"start\":\"2024-10-04 00:40:05+0000\",\"end\":\"2024-10-04 00:40:20+0000\"},{\"start\":\"2024-10-04 00:40:21+0000\",\"end\":\"2024-10-04 00:40:57+0000\"},{\"start\":\"2024-10-04 00:40:58+0000\",\"end\":\"2024-10-04 00:41:07+0000\"},{\"start\":\"2024-10-04 00:41:08+0000\",\"end\":\"2024-10-04 00:41:13+0000\"},{\"start\":\"2024-10-04 00:41:14+0000\",\"end\":\"2024-10-04 00:41:20+0000\"}]"
2026-09-15,78,221,10,2026-09-14 21:40:00+0000,2026-09-15 04:26:00+0000,97,
2026-09-16,90,234,14,2026-09-15 19:59:00+0000,2026-09-16 02:45:00+0000,68,"[{\"start\":\"2024-10-04 00:35:22+0000\",\"end\":\"2024-10-04 00:35:49+0000\"},{\"start\":\"2024-10-04 00:40:51+0000\",\"end\":\"2024-10-04 00:41:17+0000\"},{\"start\":\"2024-10-04 00:41:18+0000\",\"end\":\"2024-10-04 00:41:18+0000\"},{\"start\":\"2024-10-04 00:41:19+0000\",\"end\":\"2024-10-04 00:41:33+0000\"},{\"start\":\"2024-10-04 00:43:24+0000\",\"end\":\"2024-10-04 00:43:51+0000\"}]"
2026-09-17,75,192,20,2026-09-16 19:36:00+0000,2026-09-17 01:27:00+0000,64,"[{\"start\":\"2024-10-04 00:39:43+0000\",\"end\":\"2024-10-04 00:39:57+0000\"},{\"start\":\"2024-10-04 00:39:58+0000\",\"end\":\"2024-10-04 00:40:29+0000\"},{\"start\":\"2024-10-04 00:40:30+0000\",\"end\":\"2024-10-04 00:40:38+0000\"},{\"start\":\"2024-10-04 00:40:39+0000\",\"end\":\"2024-10-04 00:40:48+0000\"},{\"start\":\"2024-10-04 00:40:49+0000\",\"end\":\"2024-10-04 00:40:51+0000\"},{\"start\":\"2024-10-04 00:40:52+0000\",\"end\":\"2024-10-04 00:41:02+0000\"},{\"start\":\"2024-10-04 00:41:03+0000\",\"end\":\"2024-10-04 00:41:14+0000\"}]"
2026-09-18,87,215,18,2026-09-17 21:14:00+0000,2026-09-18 04:20:00+0000,106,
2026-09-19,55,398,29,2026-09-18 20:05:00+0000,2026-09-19 06:24:00+0000,137,
2026-09-20,82,337,16,2026-09-19 21:51:00+0000,2026-09-20 07:18:00+0000,132,
2026-09-21,68,159,10,2026-09-20 19:29:00+0000,2026-09-21 00:24:00+0000,58,"[{\"start\":\"2024-10-04 00:39:27+0000\",\"end\":\"2024-10-04 00:39:34+0000\"},{\"start\":\"2024-10-04 00:39:35+0000\",\"end\":\"2024-10-04 00:39:35+0000\"},{\"start\":\"2024-10-04 00:39:36+0000\",\"end\":\"2024-10-04 00:39:48+0000\"},{\"start\":\"2024-10-04 00:39:49+0000\",\"end\":\"2024-10-04 00:39:54+0000\"},{\"start\":\"2024-10-04 00:39:55+0000\",\"end\":\"2024-10-04 00:40:12+0000\"},{\"start\":\"2024-10-04 00:40:13+0000\",\"end\":\"2024-10-04 00:40:15+0000\"},{\"start\":\"2024-10-04 00:40:16+0000\",\"end\":\"2024-10-04 00:40:23+0000\"},{\"start\":\"2024-10-04 00:40:24+0000\",\"end\":\"2024-10-04 00:40:37+0000\"},{\"start\":\"2024-10-04 00:40:38+0000\",\"end\":\"2024-10-04 00:40:42+0000\"}]"
2026-09-22,44,224,9,2026-09-21 20:02:00+0000,2026-09-22 02:00:00+0000,81,"[{\"start\":\"2024-10-04 00:39:46+0000\",\"end\":\"2024-10-04 00:39:58+0000\"},{\"start\":\"2024-10-04 00:39:59+0000\",\"end\":\"2024-10-04 00:40:09+0000\"},{\"start\":\"2024-10-04 00:40:10+0000\",\"end\":\"2024-10-04 00:40:29+0000\"},{\"start\":\"2024-10-04 00:40:30+0000\",\"end\":\"2024-10-04 00:41:08+0000\"},{\"start\":\"2024-10-04 00:41:09+0000\",\"end\":\"2024-10-04 00:41:34+0000\"},{\"start\":\"2024-10-04 00:41:35+0000\",\"end\":\"2024-10-04 00:41:35+0000\"},{\"start\":\"2024-10-04 00:41:36+0000\",\"end\":\"2024-10-04 00:42:00+0000\"}]"
2026-09-23,76,160,18,2026-09-22 20:08:00+0000,2026-09-23 01:21:00+0000,59,"[{\"start\":\"2024-10-04 00:37:41+0000\",\"end\":\"2024-10-04 00:38:01+0000\"},{\"start\":\"2024-10-04 00:38:02+0000\",\"end\":\"2024-10-04 00:38:11+0000\"},{\"start\":\"2024-10-04 00:38:12+0000\",\"end\":\"2024-10-04 00:38:20+0000\"},{\"start\":\"2024-10-04 00:38:21+0000\",\"end\":\"2024-10-04 00:39:05+0000\"},{\"start\":\"2024-10-04 00:39:06+0000\",\"end\":\"2024-10-04 00:39:38+0000\"}]"
2026-09-24,65,220,2,2026-09-23 17:33:00+0000,2026-09-23 23:41:00+0000,81,
2026-09-25,70,248,7,2026-09-24 20:17:00+0000,2026-09-25 04:09:00+0000,147,"[{\"start\":\"2024-10-04 00:38:55+0000\",\"end\":\"2024-10-04 00:39:08+0000\"},{\"start\":\"2024-10-04 00:39:09+0000\",\"end\":\"2024-10-04 00:39:11+0000\"},{\"start\":\"2024-10-04 00:39:12+0000\",\"end\":\"2024-10-04 00:39:18+0000\"},{\"start\":\"2024-10-04 00:39:19+0000\",\"end\":\"2024-10-04 00:39:23+0000\"},{\"start\":\"2024-10-04 00:39:24+0000\",\"end\":\"2024-10-04 00:39:28+0000\"}]"
2026-09-26,43,222,10,2026-09-25 20:28:00+0000,2026-09-26 02:27:00+0000,84,"[{\"start\":\"2024-10-04 00:38:00+0000\",\"end\":\"2024-10-04 00:38:06+0000\"},{\"start\":\"2024-10-04 00:38:07+0000\",\"end\":\"2024-10-04 00:38:16+0000\"},{\"start\":\"2024-10-04 00:38:17+0000\",\"end\":\"2024-10-04 00:38:20+0000\"},{\"start\":\"2024-10-04 00:38:21+0000\",\"end\":\"2024-10-04 00:38:29+0000\"},{\"start\":\"2024-10-04 00:38:30+0000\",\"end\":\"2024-10-04 00:38:46+0000\"},{\"start\":\"2024-10-04 00:38:47+0000\",\"end\":\"2024-10-04 00:39:20+0000\"},{\"start\":\"2024-10-04 00:39:21+0000\",\"end\":\"2024-10-04 00:40:00+0000\"},{\"start\":\"2024-10-04 00:40:01+0000\",\"end\":\"2024-10-04 00:40:14+0000\"},{\"start\":\"2024-10-04 00:40:15+0000\",\"end\":\"2024-10-04 00:40:17+0000\"},{\"start\":\"2024-10-04 00:40:18+0000\",\"end\":\"2024-10-04 00:40:18+0000\"},{\"start\":\"2024-10-04 00:40:19+0000\",\"end\":\"2024-10-04 00:40:29+0000\"},{\"start\":\"2024-10-04 00:40:30+0000\",\"end\":\"2024-10-04 00:40:30+0000\"},{\"start\":\"2024-10-04 00:40:31+0000\",\"end\":\"2024-10-04 00:40:32+0000\"},{\"start\":\"2024-10-04 00:40:33+0000\",\"end\":\"2024-10-04 00:40:33+0000\"},{\"start\":\"2024-10-04 00:40:34+0000\",\"end\":\"2024-10-04 00:40:36+0000\"}]"
2026-09-27,48,203,8,2026-09-26 19:01:00+0000,2026-09-27 00:16:00+0000,56,
2026-09-28,74,150,10,2026-09-27 20:22:00+0000,2026-09-28 01:01:00+0000,45,"[{\"start\":\"2024-10-04 00:38:39+0000\",\"end\":\"2024-10-04 00:38:51+0000\"},{\"start\":\"2024-10-04 00:38:52+0000\",\"end\":\"2024-10-04 00:39:23+0000\"},{\"start\":\"2024-10-04 00:39:24+0000\",\"end\":\"2024-10-04 00:39:28+0000\"},{\"start\":\"2024-10-04 00:39:29+0000\",\"end\":\"2024-10-04 00:39:56+0000\"},{\"start\":\"2024-10-04 00:39:57+0000\",\"end\":\"2024-10-04 00:39:59+0000\"},{\"start\":\"2024-10-04 00:40:00+0000\",\"end\":\"2024-10-04 00:40:01+0000\"},{\"start\":\"2024-10-04 00:40:02+0000\",\"end\":\"2024-10-04 00:40:30+0000\"}]"
